entropy,file_size,num_strings,label
6.78,7187616,164,1
7.11,7210162,23,1
3.15,1377596,2816,0
3.45,3603477,3785,0
7.89,5734982,108,1
7.23,398161,167,1
3.57,2361072,2899,0
4.11,705259,1606,0
3.29,901904,780,0
2.63,4600530,277,0
6.9,4804678,64,1
4.36,3884369,464,0
6.04,4701712,191,1
7.39,8098924,77,1
4.02,4351449,2057,0
7.43,5359363,132,1
4.5,3325927,159,0
3.9,3036320,3325,0
6.62,1907825,191,1
3.76,294054,680,0
2.67,2085970,202,0
4.13,206220,2895,0
2.79,1721952,4338,0
4.17,290618,2504,0
7.56,7304189,135,1
4.23,4306687,2168,0
5.86,2642140,23,1
6.67,4018934,164,1
4.34,2340904,3340,0
4.28,4114664,4613,0
4.45,4994324,2063,0
6.11,6829608,72,1
3.58,628826,351,0
3.95,1441866,4357,0
3.77,1220130,2547,0
7.57,5385036,138,1
3.47,3771442,427,0
7.72,6906899,122,1
6.69,7119249,93,1
7.26,203225,30,1
3.22,2511041,655,0
6.72,1136639,124,1
4.17,4276426,1005,0
6.56,7071183,39,1
2.81,2928170,445,0
3.9,2575143,4182,0
7.28,680975,170,1
5.82,7698798,109,1
6.96,6465277,52,1
6.7,3115605,169,1
7.76,2093078,194,1
3.56,4467897,3158,0
3.09,193912,4545,0
3.0,1273946,1653,0
6.19,8855307,136,1
4.27,225536,2905,0
4.38,118368,199,0
7.62,408886,134,1
3.6,4606273,3311,0
2.62,1056329,2175,0
3.18,3129546,2777,0
6.9,8735883,64,1
4.35,4456607,4427,0
3.11,850352,2953,0
4.4,187054,3921,0
6.9,5953652,79,1
7.08,3841281,97,1
4.24,626100,4045,0
3.96,4551929,4967,0
3.11,1378310,172,0
5.9,7880194,194,1
7.8,4506201,164,1
2.98,3557954,3896,0
3.94,4524421,1170,0
3.12,3077343,1718,0
7.01,4844855,153,1
3.92,501007,1293,0
7.59,9136106,110,1
6.02,6978991,126,1
7.85,5696916,197,1
6.95,8755359,144,1
6.69,899810,165,1
4.11,1318091,1511,0
4.28,3905572,494,0
7.89,9465405,194,1
7.2,5436999,151,1
3.3,4669349,1888,0
4.26,3613786,250,0
7.87,8837810,43,1
3.97,830823,3695,0
7.56,773176,126,1
2.84,1987145,4374,0
6.98,6347220,195,1
4.32,1294872,2276,0
4.05,1891475,549,0
6.71,6124708,122,1
6.79,3121035,60,1
6.71,6771115,189,1
4.5,3264230,592,0
3.24,2319201,850,0
4.06,4170947,3026,0
2.81,2839536,4276,0
6.72,5205290,148,1
6.29,1667564,178,1
6.45,4618491,179,1
5.89,4896724,104,1
2.93,2286528,2412,0
7.26,2856429,194,1
7.85,7192477,98,1
2.84,3973027,3124,0
7.93,9822567,48,1
5.83,2903832,50,1
2.96,1738674,1390,0
2.8,3585548,1219,0
7.35,710712,106,1
5.99,4900538,129,1
6.28,4372305,115,1
6.24,6966530,41,1
3.86,2544090,3110,0
3.24,4728136,794,0
3.57,4032416,1377,0
3.15,2156439,4291,0
6.65,7376658,29,1
3.15,1398515,3613,0
4.45,2333878,2850,0
3.28,1055945,1909,0
3.3,3958819,1711,0
5.89,6382146,181,1
6.94,5508119,158,1
7.39,8895918,103,1
7.81,6122161,33,1
6.69,7397949,91,1
5.79,4292924,80,1
4.42,3930642,419,0
3.98,2354019,3414,0
4.17,442778,2027,0
3.12,4773123,461,0
5.99,3734464,57,1
3.98,1587999,264,0
7.35,4225856,164,1
5.51,3479081,182,1
7.79,2166451,167,1
6.04,1841468,110,1
4.36,1416330,2060,0
6.89,2353544,152,1
5.96,9018806,148,1
7.42,4865082,136,1
4.11,2569649,476,0
3.92,181924,2211,0
7.86,2878977,105,1
4.02,115570,4663,0
2.82,2169046,1212,0
6.78,3316499,153,1
6.89,8887021,187,1
3.62,2855602,653,0
6.06,6166881,49,1
5.55,5471276,109,1
7.23,6240697,197,1
6.41,7425068,149,1
3.04,4129731,2033,0
3.59,579757,2159,0
3.84,1053356,2089,0
7.72,2967265,156,1
6.93,1549857,50,1
3.52,4826322,3618,0
7.6,3574887,47,1
6.57,8527265,193,1
3.64,4141713,964,0
3.65,1113456,4201,0
6.41,3448833,139,1
3.47,3255480,4248,0
4.45,1433653,4078,0
7.87,6262198,48,1
5.85,1476588,71,1
3.74,686378,4729,0
3.25,3668463,483,0
5.68,3844826,124,1
6.06,9093127,23,1
6.86,6189990,169,1
4.32,2107717,4999,0
5.56,1284780,35,1
7.9,2481299,35,1
6.55,719769,157,1
7.25,1496633,105,1
4.5,1508064,4518,0
3.55,2232788,4035,0
3.38,4247186,2864,0
3.12,2494918,2387,0
3.73,1541048,2794,0
3.21,3534709,1315,0
6.47,4421180,83,1
3.34,4473464,4882,0
6.82,6070044,64,1
3.37,1199409,4289,0
2.94,2851526,3105,0
7.99,7006030,189,1
4.23,3400354,3267,0
2.95,1038764,4805,0
3.01,4042385,2662,0
7.65,9306527,52,1
4.36,4452456,1915,0
3.54,1867686,423,0
7.01,8316658,157,1
3.61,3095771,2190,0
3.56,441095,3376,0
7.63,4089005,184,1
3.58,4477545,4175,0
2.72,895120,201,0
3.4,2389573,4814,0
5.53,8613585,179,1
3.77,1037764,1952,0
3.12,1473283,2867,0
4.17,3328677,3125,0
7.37,3802671,145,1
4.49,2227713,4446,0
7.14,5758616,158,1
7.12,577424,174,1
6.44,3326804,22,1
6.29,9756670,48,1
2.94,3871235,2369,0
2.68,1206703,2238,0
7.86,7246968,93,1
3.47,4406400,2148,0
3.88,4707188,702,0
6.25,545926,198,1
2.99,4628006,418,0
6.28,9647466,189,1
4.09,3800918,2656,0
4.16,1690891,316,0
6.19,4012200,46,1
7.03,9061946,26,1
6.03,6335259,144,1
3.01,365889,4507,0
3.14,3961658,3927,0
4.18,1579778,4260,0
6.6,3988076,88,1
3.08,4518961,1890,0
2.96,4399955,4704,0
7.26,5687827,131,1
7.83,6528211,123,1
6.17,9310363,177,1
5.96,1367602,174,1
3.38,2157875,242,0
6.42,7760059,103,1
2.58,2194628,3545,0
7.87,8958844,166,1
7.44,5586847,196,1
4.4,3267119,2659,0
4.06,304811,2989,0
3.12,3270363,1392,0
6.53,8297750,34,1
4.1,137771,4391,0
3.85,4986660,1649,0
3.78,2841962,4147,0
5.57,520231,187,1
5.84,2306413,95,1
3.86,4188753,4886,0
2.81,357976,4908,0
6.34,5272245,138,1
6.73,7751761,78,1
3.25,258839,2120,0
3.67,4800069,1758,0
6.28,451095,134,1
5.81,7716692,168,1
3.54,549212,3552,0
3.91,138995,3397,0
4.1,4657969,2796,0
7.11,5332441,28,1
2.93,1324875,1749,0
7.37,9903167,156,1
6.89,3603324,76,1
6.43,1271276,78,1
6.57,278911,78,1
6.86,7341360,44,1
6.65,1718381,52,1
3.66,1781625,308,0
5.64,7493188,166,1
3.22,2123926,1846,0
4.45,2835747,4638,0
4.4,3181369,384,0
4.04,3743708,2304,0
4.1,3969861,4126,0
4.32,952121,526,0
3.46,4043674,2728,0
5.77,1903069,21,1
6.78,1877630,110,1
2.8,242454,2112,0
3.6,2014762,3325,0
3.99,4777089,4189,0
2.89,4544520,841,0
3.23,362402,1761,0
3.33,3437973,1299,0
5.57,7009289,199,1
6.34,4668763,179,1
2.96,2414398,4588,0
7.66,1489659,40,1
6.12,3415239,193,1
4.22,2010003,3380,0
4.36,4478371,3156,0
7.54,3781682,99,1
3.55,1050769,1404,0
7.21,6587747,82,1
6.88,2673729,120,1
7.13,9701643,31,1
6.23,2790322,93,1
6.2,7743239,161,1
7.64,7271829,41,1
4.33,3361750,3806,0
7.78,5692099,162,1
7.86,8832825,183,1
3.34,344082,524,0
5.72,1960463,76,1
7.9,7300908,183,1
6.84,4896925,147,1
6.56,8353293,66,1
3.9,1925354,1508,0
7.19,2364331,95,1
3.16,418630,1461,0
2.57,4749795,4256,0
6.1,3671193,160,1
3.47,4541480,488,0
6.18,9146202,168,1
2.85,2164179,1118,0
2.77,2901092,494,0
6.38,8311503,146,1
2.86,3976679,4985,0
5.84,3183040,197,1
3.24,1735835,2977,0
7.87,8003249,73,1
3.24,2042269,314,0
2.67,4005613,208,0
5.85,9126603,61,1
6.57,8943376,88,1
6.28,742773,106,1
3.99,1861339,2389,0
6.82,3427155,101,1
6.44,5782127,172,1
3.37,188616,2536,0
6.32,5457721,114,1
2.56,2568686,3343,0
4.4,1682117,2081,0
3.49,451311,4693,0
5.64,3586190,74,1
6.8,451452,44,1
3.66,4003232,4058,0
3.36,228552,2370,0
4.41,379406,4104,0
3.93,3698968,4322,0
3.92,2657275,1995,0
3.55,4772718,1376,0
5.62,5073043,27,1
6.13,6206784,112,1
3.16,3952869,4583,0
4.29,3881948,2465,0
6.49,5767455,67,1
7.27,3535914,137,1
3.43,1359803,247,0
6.92,932729,107,1
5.65,5281293,98,1
7.24,7244641,100,1
7.26,2635935,85,1
6.99,4826109,117,1
7.34,6823305,66,1
4.27,3022441,2701,0
2.77,923564,1614,0
7.64,5045875,100,1
2.68,2861284,498,0
3.96,3056461,3619,0
4.23,4390132,1418,0
6.78,3239024,149,1
2.54,4694479,4550,0
4.41,1757880,1461,0
4.03,4554025,4278,0
4.12,4528948,1986,0
5.82,9131975,196,1
7.5,8380792,164,1
6.13,2736672,129,1
7.45,8529823,174,1
4.22,4685018,4554,0
7.31,5426682,109,1
3.93,1123549,2942,0
6.74,250038,53,1
5.56,8961108,162,1
4.21,1312134,1971,0
6.81,6035450,171,1
3.18,1771177,2831,0
6.83,1545318,187,1
6.09,7085689,132,1
6.66,3296441,103,1
2.73,3966781,639,0
7.3,5649104,38,1
3.55,4515413,101,0
7.23,1731158,106,1
2.56,2700839,4031,0
7.61,2160938,29,1
2.75,187273,4514,0
6.35,9018599,152,1
5.74,1051026,175,1
7.73,3835388,60,1
6.87,3392095,122,1
6.42,5135061,111,1
6.6,703074,152,1
3.9,2993984,512,0
7.21,4131351,99,1
4.21,3227953,407,0
5.86,3447268,143,1
6.1,5832851,59,1
8.0,3664191,168,1
3.58,385945,4516,0
6.43,3796575,153,1
3.16,874054,4570,0
7.41,9483152,90,1
2.97,2926271,3578,0
7.35,4870094,140,1
6.69,2546595,168,1
7.37,7252989,124,1
4.06,4418378,4312,0
7.34,4699994,68,1
4.08,96608,2780,0
2.99,203190,3354,0
2.79,879092,1620,0
5.82,730362,70,1
6.87,4483563,83,1
6.36,5091618,36,1
3.4,4788409,167,0
7.64,9963451,187,1
6.86,4883729,196,1
3.62,113925,2238,0
6.4,4309967,188,1
7.78,9870725,88,1
7.59,6301171,132,1
6.01,6858580,47,1
5.8,3752550,131,1
3.44,3829679,2503,0
4.29,4452919,1210,0
4.36,4649514,2893,0
4.34,205641,3460,0
4.41,3244171,176,0
3.35,2230192,3192,0
5.9,8425304,89,1
7.51,6022152,135,1
3.58,1099276,2819,0
3.55,876782,4133,0
7.4,6536875,126,1
3.98,1150336,4080,0
5.81,8354633,98,1
5.92,8513235,142,1
5.67,7115629,145,1
7.58,3965465,24,1
2.64,1934320,246,0
5.89,7886245,183,1
2.83,2111286,1596,0
3.8,1634933,4294,0
2.93,3842499,2563,0
7.39,2664757,29,1
4.09,3231009,4759,0
3.39,213783,3827,0
2.56,3958252,640,0
6.11,5500554,72,1
7.5,5770948,136,1
6.92,9254110,190,1
5.84,2184805,175,1
6.92,6175280,155,1
7.86,7693569,190,1
2.57,204485,4528,0
2.54,2359661,294,0
2.55,4667730,3978,0
3.65,4458381,4557,0
6.26,2157836,126,1
6.63,5499075,157,1
2.54,4031284,3467,0
4.25,1188838,4468,0
5.78,1374304,37,1
7.99,6771484,145,1
5.57,5116135,99,1
4.44,3032877,3495,0
7.06,1214809,142,1
5.96,4037039,112,1
6.43,8272354,36,1
6.67,1119581,99,1
7.97,6809929,143,1
2.5,2544501,4357,0
7.48,6815060,87,1
7.69,739080,182,1
7.9,4771823,152,1
4.26,3388050,520,0
6.94,1641568,162,1
3.49,2427694,4293,0
5.74,5907360,154,1
3.53,1719992,4414,0
5.78,1205452,110,1
3.72,1052033,780,0
7.73,2937453,153,1
7.94,5433015,68,1
6.67,499679,174,1
3.97,1670287,459,0
6.84,8971586,119,1
2.76,2075007,4796,0
6.46,2800191,66,1
6.91,887972,179,1
7.9,5458089,182,1
7.72,2378438,48,1
3.13,741937,1019,0
5.64,5336218,45,1
4.08,1620499,4628,0
4.11,4904334,4086,0
3.94,719531,2308,0
2.56,3868267,2020,0
6.27,9211319,29,1
6.78,4451681,99,1
2.94,2870744,1979,0
3.72,174793,2392,0
7.23,5921303,157,1
3.49,1630149,440,0
7.31,8488904,30,1
6.68,3821321,118,1
4.18,4948864,750,0
3.35,4478460,3238,0
2.59,3722305,1050,0
7.93,8526921,143,1
3.87,3337825,3308,0
2.7,1851544,2600,0
5.7,387679,114,1
5.97,3467527,54,1
3.45,620936,1934,0
6.12,1473145,118,1
2.84,2532456,4094,0
4.26,3904420,781,0
7.4,7914882,140,1
7.19,2840646,134,1
7.67,5967792,40,1
6.04,5824796,67,1
7.45,8720838,82,1
3.74,303838,4283,0
2.83,585138,3240,0
4.31,469166,3839,0
5.67,8621594,39,1
7.8,7219532,126,1
3.96,13235,830,0
7.88,5737271,25,1
3.92,2722231,3472,0
6.95,2679325,139,1
3.52,2355266,2658,0
2.8,3212660,3311,0
3.75,1381272,1249,0
4.26,2775659,3910,0
5.88,2707105,176,1
3.38,4521745,412,0
4.3,4050756,3315,0
6.17,5996079,188,1
5.91,7027023,199,1
5.86,1448895,166,1
2.52,4887151,3226,0
3.86,2334951,3061,0
5.98,5707222,122,1
3.38,940030,168,0
6.23,9426930,87,1
7.04,9659736,48,1
6.44,7743236,130,1
3.14,3665060,4393,0
3.28,4415432,4404,0
3.71,2638203,4976,0
3.22,1994847,1583,0
4.18,3014087,3647,0
6.57,9660287,49,1
6.83,9375326,76,1
6.65,1111406,191,1
7.24,3986262,131,1
6.95,2886247,121,1
6.13,2167418,39,1
4.19,1470873,2685,0
3.67,3081884,1673,0
7.19,7532638,56,1
3.56,3825727,2312,0
2.98,3963777,983,0
4.44,2775014,3626,0
7.39,6636573,140,1
2.57,3901560,1463,0
7.83,1847159,133,1
5.82,234929,129,1
4.49,2624715,260,0
7.79,3166579,32,1
7.7,4990086,190,1
4.38,4255595,3577,0
2.53,2706688,3259,0
6.4,6511472,112,1
7.2,6787305,51,1
4.41,1617896,1656,0
5.87,6735478,38,1
5.77,8826807,80,1
6.68,9295150,102,1
3.36,4650619,3918,0
3.26,2969321,691,0
3.66,1736611,4742,0
7.9,6008565,139,1
4.23,765621,1587,0
3.93,2092961,1378,0
2.71,1370027,3271,0
4.24,823387,3866,0
4.3,331095,2039,0
3.94,3040641,1939,0
6.23,2087432,190,1
6.76,6748485,198,1
2.79,4448304,4054,0
7.58,5073853,145,1
7.19,6147058,120,1
3.83,2915697,1301,0
4.11,3680202,2577,0
3.7,4406271,4566,0
6.38,5819792,189,1
5.85,6558009,99,1
4.18,3157777,1728,0
2.75,4676666,3067,0
3.96,3765300,3060,0
7.04,4450288,20,1
4.31,4430236,1774,0
5.96,6105200,53,1
7.95,8341662,105,1
7.52,1598533,138,1
6.57,787097,66,1
2.64,3208993,1188,0
4.33,4723628,3069,0
3.16,4073014,658,0
2.76,1170104,3598,0
3.08,3841681,883,0
4.44,104300,3666,0
5.77,4902188,146,1
4.26,12319,2974,0
7.19,464493,199,1
4.21,3365330,1932,0
3.96,2638080,1983,0
7.37,4314947,132,1
7.8,313675,109,1
3.96,4691259,4296,0
3.66,237893,4838,0
5.72,4792797,89,1
3.85,1842964,2045,0
3.24,20279,1315,0
2.6,1546253,1505,0
3.44,396732,4805,0
4.29,2740813,4191,0
5.99,9848089,61,1
7.79,273382,133,1
2.85,3862668,4932,0
5.97,3529155,143,1
6.17,5695767,61,1
5.87,353099,87,1
2.67,710546,3011,0
6.64,2785064,172,1
5.83,7135757,103,1
7.6,6921719,183,1
6.3,733634,26,1
2.66,453188,2516,0
5.6,3132025,187,1
6.07,4298606,117,1
7.1,7931188,178,1
7.46,495639,116,1
3.41,1785816,2066,0
6.38,5424974,109,1
3.06,2428802,184,0
2.99,1266743,4674,0
3.29,2283519,2579,0
3.25,3524331,819,0
6.87,2056968,175,1
6.64,5605246,177,1
4.06,644878,1045,0
7.7,2284296,160,1
2.65,801865,3537,0
3.7,1520814,3627,0
3.49,2355489,4520,0
3.3,4232062,3969,0
5.63,3763007,37,1
5.57,9579483,90,1
7.87,8676846,191,1
4.05,3629884,2330,0
5.68,4432940,89,1
6.45,5485721,138,1
2.86,1371117,3290,0
3.6,4942343,4416,0
3.49,3180789,2321,0
3.94,4840599,295,0
6.91,2330656,133,1
6.33,4579381,190,1
7.38,5993818,37,1
7.34,5176277,86,1
6.57,863299,176,1
7.0,3413537,21,1
4.5,1521362,4740,0
4.39,4301076,958,0
7.12,5086740,135,1
3.24,4448863,2612,0
2.8,1817894,4098,0
3.82,44171,2534,0
3.67,2597512,740,0
3.66,4056166,207,0
4.39,3579228,4230,0
6.52,5078930,49,1
4.24,1996137,4962,0
6.56,2448799,180,1
5.58,8540098,36,1
5.85,1408809,31,1
3.13,3018529,3170,0
2.93,2113494,1142,0
7.62,5508477,122,1
7.6,6384695,57,1
4.28,3385823,244,0
6.14,1975411,180,1
6.7,6998626,26,1
3.37,1956300,2092,0
5.57,2973152,38,1
7.23,3555440,136,1
2.73,3768386,3517,0
5.89,1993464,107,1
5.93,4363004,34,1
2.77,1748904,4301,0
7.56,5895524,104,1
7.01,9326772,63,1
6.43,9681406,63,1
3.8,2526391,2955,0
7.11,9595618,80,1
4.14,141937,1400,0
3.25,1098811,147,0
7.58,3952982,92,1
4.1,1024643,1044,0
3.75,3675799,1928,0
3.47,16148,4410,0
4.14,4370743,1113,0
6.86,1879676,109,1
2.89,2116158,1785,0
4.47,866306,223,0
2.85,1626942,1434,0
7.37,2600331,95,1
3.08,1701622,898,0
7.18,6549563,58,1
4.43,1688139,663,0
4.2,202608,431,0
6.03,7551172,165,1
3.94,2101905,3321,0
4.26,1374286,2800,0
3.67,3092795,2877,0
7.45,6094816,40,1
5.6,435426,77,1
4.21,4468475,1429,0
7.4,925192,101,1
6.13,380988,59,1
3.37,3891485,4836,0
6.41,6360698,70,1
7.42,9732922,77,1
3.4,2922969,655,0
5.7,9872853,57,1
4.34,1330275,4367,0
6.54,8780460,115,1
3.6,1692965,2194,0
3.92,4995676,908,0
7.01,2060654,104,1
6.21,2997198,178,1
2.63,1426909,558,0
2.6,2248752,2359,0
7.45,6807419,27,1
2.69,1395297,1655,0
3.3,1804417,1358,0
3.52,2149781,1381,0
2.95,1764714,1143,0
6.99,2650029,54,1
6.48,2022819,136,1
6.34,7819396,68,1
7.26,8145510,174,1
7.39,1811895,38,1
7.01,3381203,92,1
3.8,2695436,779,0
4.07,3497741,1052,0
3.5,2371007,2473,0
3.17,2113357,3458,0
2.79,206280,3658,0
2.57,764995,4041,0
7.25,2956620,27,1
3.56,3380983,4482,0
2.54,689834,240,0
3.39,3336548,620,0
5.9,147180,68,1
5.54,6564815,98,1
2.53,2426917,4238,0
6.33,2551755,68,1
6.06,2946701,125,1
4.03,2845225,1037,0
3.96,2148476,1052,0
5.71,6007206,131,1
7.95,3384463,166,1
7.6,6270039,41,1
7.87,7124595,72,1
4.43,4663964,4194,0
2.61,3400754,1560,0
2.68,3345597,4248,0
2.82,4785905,2936,0
2.8,3548120,1901,0
6.25,1142432,183,1
7.45,7818906,85,1
7.04,4968532,89,1
3.19,2203106,4119,0
7.24,2568261,196,1
4.38,3412960,671,0
5.88,1414506,144,1
2.55,264950,3869,0
5.84,7015233,74,1
3.92,2984978,3532,0
7.58,386957,168,1
3.01,441168,1187,0
3.72,659223,2158,0
5.54,2145592,195,1
3.15,3009511,360,0
5.61,3366919,194,1
3.66,1035127,1206,0
3.57,2258089,3262,0
7.33,6055447,113,1
3.24,3682307,2537,0
5.75,2217495,147,1
5.91,9758821,171,1
7.86,2329801,188,1
3.13,3389427,1690,0
4.03,2653774,1594,0
7.13,6277281,25,1
3.18,1694807,2756,0
6.7,9421523,51,1
2.7,2747070,2691,0
5.84,1407749,118,1
7.14,2518722,93,1
6.21,2152198,41,1
6.26,6709002,172,1
3.61,4613427,1799,0
7.62,4111984,73,1
3.84,1206524,4465,0
6.22,5729649,172,1
7.61,3364005,49,1
5.59,9128698,59,1
3.93,1019210,2387,0
4.2,4707861,3832,0
5.63,6110961,155,1
7.33,6782516,167,1
6.55,405994,148,1
7.16,9293498,116,1
3.4,4086472,194,0
4.33,684769,4081,0
2.51,2507466,2100,0
5.71,4941164,143,1
3.99,3763335,3536,0
3.17,3692079,4611,0
6.33,8950177,161,1
6.33,6650147,81,1
3.47,1262030,3733,0
7.4,8709072,59,1
3.15,2593033,2568,0
7.87,3203858,138,1
3.03,4765187,2288,0
3.05,3300545,505,0
2.79,4290740,2230,0
3.76,4376307,3246,0
5.59,332807,123,1
3.01,2332923,3423,0
7.77,4618625,155,1
7.53,8747260,57,1
2.86,1404053,3215,0
7.49,857271,66,1
6.36,2984954,79,1
4.07,3299260,1659,0
5.89,2558119,64,1
6.29,221046,89,1
7.09,1817467,75,1
7.41,4129003,132,1
6.55,2264453,68,1
6.22,5066954,143,1
2.54,244520,4557,0
3.0,417632,1316,0
3.31,4524256,2717,0
7.48,916949,88,1
4.07,878175,1913,0
4.21,3919263,167,0
5.93,9309159,199,1
6.22,2674464,40,1
2.93,3040278,1588,0
6.22,4997877,191,1
6.79,1249406,194,1
7.95,9620862,74,1
6.57,2913412,93,1
3.0,4464682,2054,0
5.81,9672254,106,1
4.39,2239448,3227,0
3.82,120802,4819,0
6.59,815699,28,1
3.03,560239,2250,0
6.09,1742129,83,1
5.83,1075642,155,1
5.63,5854641,44,1
4.33,883659,963,0
6.16,944201,145,1
4.0,865501,371,0
2.76,3950165,3865,0
3.47,2964055,678,0
2.67,2095646,4493,0
7.62,7718293,161,1
2.73,4902502,1151,0
3.77,4733467,3736,0
3.58,3108144,1756,0
6.89,2875515,102,1
6.51,2665199,106,1
4.31,1514106,4724,0
5.88,1126735,58,1
2.7,649667,3143,0
7.67,836526,75,1
3.0,298884,4933,0
4.34,3595850,3928,0
3.7,1982251,2940,0
3.64,279443,179,0
3.95,2038865,1953,0
6.96,1784656,175,1
6.14,2807607,76,1
3.82,2772249,656,0
4.49,4250771,246,0
3.64,1618020,4166,0
4.44,1604496,1158,0
6.32,5906987,131,1
7.51,2248627,41,1
6.75,6885697,52,1
3.56,4416075,1101,0
7.15,2492132,175,1
4.18,4944610,4275,0
4.02,4587203,2503,0
4.49,3423377,4310,0
2.81,4746511,605,0
7.13,4409497,49,1
3.62,194665,1043,0
7.37,1857153,185,1
5.73,9354731,138,1
3.44,4513038,4303,0
5.68,1997057,99,1
2.8,4051271,4481,0
7.48,6000968,125,1
7.85,5144459,112,1
3.65,3025829,678,0
4.04,2824121,3505,0
2.7,287451,465,0
7.95,9839927,142,1
3.36,1306452,4554,0
6.49,7203959,22,1
3.06,632587,3625,0
2.54,2160425,1092,0
7.22,2331189,88,1
4.05,3009604,4077,0
6.77,411200,58,1
2.52,1585794,1693,0
4.48,3522504,4819,0
7.75,4475847,86,1
3.24,3127919,1002,0
2.72,2052620,3550,0
6.88,8496174,70,1
7.33,6409468,135,1
4.48,4487175,1122,0
2.97,2477901,664,0
5.7,9333366,95,1
7.11,4852216,125,1
7.31,6707401,144,1
2.53,4289091,2201,0
5.8,5443261,118,1
6.6,5072074,151,1
3.29,2368784,630,0
3.1,1836921,3135,0
6.8,8016795,27,1
7.18,988058,171,1
7.54,5161566,25,1
7.91,7278747,35,1
3.1,3731068,3412,0
5.99,7576905,83,1
3.71,832097,4302,0
6.87,6000682,195,1
3.97,2900224,2760,0
6.15,6588493,119,1
3.34,3553101,4941,0
5.91,8265681,115,1
2.53,3689148,774,0
5.94,2789958,72,1
2.62,4813763,1074,0
7.02,9940923,101,1
3.14,1383965,3277,0
6.56,4716043,80,1
3.5,2801403,1115,0
7.45,982034,62,1
5.97,9287208,104,1
2.57,4122267,909,0
6.04,6838642,43,1
7.95,5445643,126,1
6.59,4340773,157,1
5.63,5576460,120,1
7.12,6885165,166,1
7.1,8972646,149,1
6.66,2085987,153,1
7.12,7382402,60,1
3.8,2982959,171,0
3.62,4568576,1915,0
5.91,6165475,161,1
5.84,6085464,128,1
3.52,3420040,162,0
7.3,8661128,37,1
3.21,4665523,4149,0
7.42,4033853,197,1
4.4,4782525,4702,0
3.36,2262475,566,0
7.75,5715295,60,1
7.72,3169867,36,1
3.96,2958892,1498,0
3.97,3693918,3616,0
2.97,1491453,4787,0
7.31,1661888,109,1
5.7,2446421,39,1
7.18,561550,188,1
4.07,2228009,4212,0
6.06,6080652,135,1
7.5,7996019,179,1
6.35,7166324,46,1
3.21,4149586,1284,0
3.1,3179339,2312,0
6.34,4419560,98,1
4.04,3217306,649,0
4.44,4437697,2340,0
6.59,783010,179,1
7.04,416845,63,1
6.57,6999037,141,1
3.75,1409481,1289,0
5.85,3744594,165,1
4.24,4570820,496,0
4.2,1701525,3923,0
4.29,1545001,1178,0
4.42,3499801,1513,0
7.32,4124669,39,1
4.33,581424,4509,0
4.18,586800,3860,0
3.24,659384,391,0
5.59,228130,123,1
3.6,4084474,3020,0
6.16,9256795,169,1
3.76,434010,3471,0
7.35,229506,67,1
4.28,1318978,4552,0
2.95,4795628,1693,0
2.65,1079414,2517,0
6.52,4784219,153,1
5.72,7085801,88,1
6.28,4628057,74,1
3.37,28103,218,0
2.5,3024635,2308,0
3.41,957637,3009,0
6.68,7025426,90,1
7.78,339032,89,1
6.66,7627951,91,1
7.87,9347925,93,1
3.73,2168755,1235,0
7.66,7138075,51,1
6.08,1097153,46,1
6.35,5714172,64,1
3.97,3067625,3392,0
6.49,1791382,55,1
6.37,9287848,181,1
7.12,7760227,178,1
5.87,2417794,121,1
4.27,244744,3582,0
7.65,8212910,171,1
4.19,1568335,4389,0
4.23,705489,880,0
7.85,2744458,126,1
3.76,2641566,2839,0
7.61,602341,123,1
3.5,3557208,1159,0
7.55,3335780,191,1
6.29,4707360,75,1
3.98,4623452,470,0
5.53,282823,168,1
5.53,2144154,124,1
3.35,2236643,4032,0
6.72,4471944,100,1
3.48,3441701,2084,0
3.03,3854352,484,0
4.08,4947628,1995,0
3.71,117115,2098,0
6.09,7457102,128,1
2.52,2498052,216,0
6.84,7239104,160,1
7.85,4893684,142,1
5.59,7770183,172,1
6.18,746740,165,1
7.98,283259,181,1
2.66,1898256,778,0
3.28,339091,3337,0
2.82,3008649,4148,0
6.98,2910832,104,1
6.46,4820234,168,1
6.31,1259611,93,1
5.69,7914814,72,1
6.39,8995367,127,1
7.96,175055,167,1
2.59,4651467,149,0
3.08,1914513,4923,0
7.98,6758859,77,1
3.98,3182254,2555,0
7.02,3746310,189,1
2.7,3672883,3574,0
3.64,2237429,836,0
4.32,2487225,4381,0
3.29,58752,3480,0
7.06,7671908,152,1
3.59,1074222,4251,0
4.42,87573,4776,0
6.75,5946152,93,1
3.61,2502431,1018,0
7.19,5276500,127,1
3.96,918651,4792,0
6.01,8741494,71,1
7.94,5917064,136,1
3.39,4940535,4352,0
5.94,4882325,120,1
4.19,2524552,321,0
3.35,2768815,4406,0
2.74,2542345,4551,0
2.62,1641944,818,0
3.66,3978998,737,0
4.35,2085055,3699,0
7.8,2615440,68,1
3.65,3938263,178,0
3.05,2613696,685,0
7.25,3409328,126,1
7.53,9770092,164,1
3.14,464085,4701,0
6.1,4593352,31,1
7.81,9866052,109,1
4.2,1256954,2565,0
7.22,467620,158,1
5.87,4772067,73,1
5.76,9302897,171,1
6.79,6514795,88,1
6.43,4637959,116,1
6.0,9344672,149,1
7.52,3250107,142,1
2.53,176970,3066,0
3.69,4493140,3198,0
6.99,3555123,83,1
3.66,4172814,1620,0
5.83,721857,130,1
2.68,2083313,2427,0
3.24,2406412,4184,0
2.53,4044204,3357,0
6.07,8924508,129,1
3.24,1142625,2716,0
4.25,2159231,100,0
6.41,7811099,91,1
7.86,5111047,40,1
7.32,8677318,135,1
6.72,7600517,42,1
3.99,284135,2759,0
4.23,1515587,2939,0
3.1,3862500,3856,0
2.8,4072821,4142,0
7.39,9021178,54,1
3.47,762814,3329,0
3.57,4487565,2166,0
7.96,5827583,32,1
7.79,1591519,166,1
4.37,3490283,1137,0
3.28,4348834,3186,0
6.42,1268745,40,1
4.45,1242936,791,0
5.96,2190658,44,1
3.94,4062655,1970,0
5.72,7381195,153,1
3.18,4028755,3697,0
3.09,4819543,195,0
5.98,3953148,162,1
6.97,7777720,48,1
3.79,4447937,2408,0
3.52,3838490,4155,0
7.85,5744365,176,1
5.97,922924,80,1
5.97,7559028,167,1
4.12,2437936,1699,0
3.35,1523287,3209,0
3.79,2393011,2103,0
4.41,69441,2485,0
3.13,1262580,4526,0
4.33,4924301,2638,0
6.56,7303294,165,1
6.47,6329713,165,1
7.61,9276771,107,1
7.53,715804,184,1
5.86,7051422,124,1
7.52,3829892,68,1
4.29,3263268,1174,0
7.23,1222826,43,1
7.67,7844585,198,1
2.81,372923,1948,0
7.32,3189674,147,1
3.4,3001274,268,0
2.77,1373836,3610,0
2.91,4994392,392,0
6.53,4805087,32,1
7.29,6842085,126,1
3.32,4004023,2744,0
6.21,395718,107,1
3.28,2315225,1012,0
3.07,2918777,3347,0
6.84,2290613,158,1
3.43,3595125,1924,0
5.53,4188433,132,1
3.16,4358815,3951,0
2.91,2691755,4018,0
7.62,770736,49,1
3.12,1150227,4062,0
6.93,4409191,90,1
7.84,9965826,32,1
3.21,3033583,4891,0
4.45,616846,1671,0
5.98,2957678,152,1
4.13,4603232,3948,0
3.68,359642,4260,0
4.48,297944,3842,0
3.41,3004239,3758,0
3.67,751482,330,0
2.68,3493519,2865,0
3.85,3180845,3998,0
3.18,4363446,3782,0
3.05,3932089,3102,0
3.45,4217134,1066,0
3.01,1769241,2624,0
2.55,1926521,2778,0
4.03,3714518,680,0
7.33,8760286,93,1
7.21,8796215,40,1
6.44,8964400,182,1
7.5,3535129,56,1
7.46,273163,156,1
2.61,4235766,1574,0
3.88,602119,2121,0
7.22,7051022,102,1
3.12,4599899,4139,0
7.2,4221457,106,1
3.56,2026645,816,0
3.08,2290213,598,0
6.44,7581578,106,1
7.02,8065774,37,1
4.33,3606757,3461,0
7.28,2644055,73,1
3.86,599478,272,0
5.84,2460194,45,1
5.94,8509207,89,1
7.0,1354791,35,1
2.83,3199764,1141,0
6.11,9601652,42,1
4.14,4657638,4539,0
6.76,438531,183,1
6.05,9452533,155,1
2.73,522997,740,0
2.72,433039,2430,0
5.62,7650454,115,1
3.04,119462,2840,0
5.67,8259247,72,1
6.06,8335266,160,1
2.81,3018412,2295,0
6.54,9530704,102,1
3.05,3923194,3274,0
7.23,4004815,126,1
3.56,1041066,3840,0
2.85,3298876,2213,0
7.0,3482328,189,1
2.61,3578879,1505,0
4.2,2593699,1602,0
2.58,413700,3841,0
3.18,4734773,2311,0
2.95,2949343,4784,0
3.58,4506522,485,0
3.09,1342584,3001,0
7.41,2969144,47,1
6.28,4803814,31,1
7.63,818419,94,1
3.67,1744569,4339,0
6.48,2440443,71,1
5.7,2790565,59,1
4.35,343050,1606,0
6.71,4417686,197,1
3.28,4891835,2425,0
3.58,307136,1599,0
2.6,2656076,3096,0
6.44,3533688,199,1
3.29,765500,4418,0
2.88,3016127,2657,0
4.2,1219993,932,0
6.79,4991593,161,1
2.96,2113468,2359,0
3.6,4829909,1485,0
7.06,4697535,160,1
6.18,4702589,196,1
5.75,9881793,27,1
2.9,2919985,2121,0
3.42,4245483,3662,0
6.65,4247212,192,1
5.99,6683252,192,1
7.1,9743738,137,1
2.8,2467287,3941,0
6.68,342276,123,1
6.34,2522298,75,1
6.05,2012182,37,1
6.53,2524137,101,1
3.61,573176,100,0
4.09,2124418,2126,0
7.07,8486350,182,1
2.82,4752115,3053,0
4.16,272348,3946,0
7.66,5128352,188,1
5.6,3494693,195,1
3.65,3334649,4966,0
6.38,3652203,191,1
4.1,2525823,2758,0
3.4,4329722,1331,0
7.71,7054306,52,1
4.21,480029,473,0
3.11,3479471,2389,0
2.68,1094322,2642,0
5.68,1087542,165,1
3.59,2520070,3590,0
2.85,1668727,3176,0
6.71,6633256,133,1
6.66,4639040,175,1
4.02,1508376,1954,0
7.68,2920072,89,1
6.19,4435478,96,1
5.86,1981710,48,1
7.55,9058888,148,1
7.11,455307,154,1
7.45,4874765,186,1
7.43,5302984,56,1
7.73,4329062,54,1
6.51,3005525,39,1
3.14,976279,927,0
7.6,8959489,44,1
2.96,1141415,4583,0
4.43,4784547,4431,0
2.56,2297186,4053,0
7.25,4372630,80,1
2.82,4224314,2258,0
3.44,879970,756,0
2.99,2822690,2754,0
6.84,1034231,100,1
6.68,7159349,134,1
3.08,1118240,3360,0
4.45,3704630,405,0
5.91,7808200,144,1
5.78,4735127,170,1
2.72,4555075,1794,0
7.2,1040698,81,1
4.27,3833280,425,0
6.73,771477,85,1
6.76,7447284,135,1
4.25,1542283,684,0
2.5,3872662,678,0
5.61,335912,123,1
7.53,4906491,23,1
5.6,1840436,100,1
2.91,1969511,4875,0
4.36,258600,1638,0
4.24,1960565,3262,0
6.26,1350819,26,1
7.3,7885620,63,1
2.61,1494054,4314,0
7.09,9402651,121,1
2.56,3945056,3085,0
4.45,2114380,4981,0
6.63,3978979,117,1
4.34,2348695,714,0
4.07,1640078,2598,0
2.68,3270256,1050,0
3.59,3817824,4761,0
7.48,5832836,197,1
7.8,4288516,125,1
7.54,3408612,151,1
6.43,7689020,136,1
4.11,4326372,1030,0
3.69,878126,1065,0
5.88,4902274,77,1
7.96,374473,107,1
7.43,4748124,93,1
5.77,812059,197,1
7.4,2195140,76,1
6.51,2315544,140,1
7.23,1135355,161,1
4.31,491451,3267,0
7.93,5072761,171,1
6.84,2835163,98,1
2.98,2049069,2452,0
2.68,4988430,2436,0
6.88,6496223,152,1
6.36,2891086,94,1
7.63,7757044,113,1
4.42,1527590,2648,0
6.2,5348634,167,1
5.71,2476386,138,1
3.25,971869,3140,0
3.37,127830,4292,0
4.08,455171,687,0
2.6,642398,3382,0
6.31,8910759,165,1
7.63,7146040,91,1
5.86,6695533,181,1
6.52,5661102,120,1
3.72,3414989,1202,0
3.39,4702333,1761,0
6.07,569373,135,1
5.5,6917335,159,1
3.23,742077,963,0
6.19,1757286,47,1
4.03,328478,3449,0
6.26,5783536,106,1
6.02,9873811,184,1
4.03,1907508,4761,0
7.13,8423542,132,1
6.81,9839064,64,1
7.53,7946898,99,1
5.74,1407058,98,1
2.79,1514672,1903,0
6.65,2058070,78,1
5.76,1879176,92,1
7.09,5705031,127,1
3.42,2840258,2458,0
6.8,4817711,68,1
6.25,3047331,66,1
3.69,4261230,1561,0
8.0,5149031,141,1
7.83,9131012,34,1
7.35,7637775,30,1
4.33,3725806,622,0
3.21,3992962,2446,0
6.36,6429947,196,1
5.83,598416,94,1
5.97,4044284,199,1
4.17,4496014,1638,0
5.9,1963002,48,1
7.91,1811030,152,1
2.82,3034827,919,0
2.54,2085271,4712,0
3.58,3135920,1713,0
6.05,2032565,61,1
6.48,8532491,59,1
3.88,860840,1540,0
4.21,2385397,1179,0
3.68,802687,847,0
4.38,495201,3507,0
3.27,2711898,1390,0
3.65,3664915,4421,0
3.68,3129186,3805,0
3.46,4165380,4954,0
7.83,4995388,87,1
3.13,3802665,807,0
2.72,1457641,2957,0
2.82,2111465,4697,0
5.94,9265440,180,1
2.98,4966828,2408,0
6.01,1716020,63,1
2.62,4717442,503,0
7.45,4037871,152,1
3.05,634683,1588,0
6.09,5908435,177,1
7.11,9407045,107,1
4.45,62403,3264,0
3.34,2818376,2370,0
2.82,3899485,4102,0
3.73,255750,421,0
3.92,2450308,1781,0
3.62,3467111,2636,0
7.83,1625600,35,1
6.6,1304753,109,1
4.24,4351678,847,0
7.83,2100612,101,1
5.86,4930713,119,1
7.5,9572126,191,1
7.32,2431611,64,1
3.41,430133,2226,0
3.94,2361196,3408,0
3.71,433495,1162,0
4.47,3817566,3985,0
7.31,4886829,128,1
6.24,2733292,117,1
4.31,781375,582,0
7.6,4248542,70,1
6.75,9264017,110,1
7.24,1868637,31,1
3.58,2662278,4935,0
4.01,4262429,3961,0
4.39,773126,3927,0
7.76,1642035,110,1
7.02,8618106,98,1
6.13,6467800,148,1
3.23,948316,4747,0
5.99,2339073,26,1
6.53,1117478,125,1
5.52,8781845,100,1
7.84,6383960,146,1
2.79,337801,2938,0
2.96,4457769,1101,0
7.76,4000959,157,1
7.35,5064128,43,1
4.01,1079468,4624,0
7.81,8074569,124,1
4.04,3494182,3251,0
3.65,1146663,4553,0
4.43,1061182,4039,0
6.2,4957552,66,1
3.15,2180204,3665,0
6.88,9440255,192,1
6.47,4434032,95,1
3.69,3999998,1560,0
6.99,4254526,84,1
6.3,6840407,121,1
4.47,4853595,1177,0
3.23,3107421,920,0
6.65,4853881,69,1
7.34,4814939,61,1
3.76,4747768,751,0
3.85,1662042,4400,0
5.74,4989896,82,1
6.1,2635724,175,1
6.44,5684808,85,1
2.79,2820301,3119,0
6.77,342052,70,1
2.53,308833,3613,0
3.78,1841528,4100,0
7.88,9078260,119,1
7.5,9241113,138,1
5.61,2814200,42,1
3.28,1608299,1647,0
3.73,193077,1378,0
5.92,607150,179,1
6.42,4318355,82,1
2.78,1144134,4279,0
5.98,8107973,153,1
2.84,1929523,4790,0
2.66,3763971,3238,0
7.12,6955184,196,1
5.99,9567256,54,1
3.98,2944615,2350,0
7.4,8379537,124,1
5.96,3751466,128,1
7.44,5791114,79,1
3.26,4417043,4033,0
3.7,925911,1613,0
7.14,578373,64,1
4.08,4705156,1850,0
6.56,1085781,192,1
4.24,2658611,4590,0
7.73,6564253,140,1
6.94,2841656,31,1
2.6,2750888,2474,0
7.75,428296,140,1
4.3,2516506,729,0
7.66,6395505,55,1
2.65,342770,4036,0
2.85,3173621,2087,0
6.61,8466916,21,1
2.91,3290952,3514,0
3.52,1115042,4263,0
3.43,2148637,4008,0
2.93,4179435,4910,0
2.98,4021677,2264,0
4.17,1697696,4662,0
3.84,1131561,1077,0
3.42,1759519,4863,0
7.89,4527399,38,1
3.3,321413,487,0
7.45,9969189,108,1
2.87,2851158,4845,0
4.42,4985638,880,0
3.4,4877100,1809,0
7.92,466232,117,1
7.4,7738980,147,1
7.39,6040729,103,1
4.4,309478,2452,0
6.09,2417163,128,1
7.2,6215541,131,1
4.15,4332235,2863,0
3.85,829674,1549,0
4.35,3142691,3048,0
6.51,2682445,179,1
2.61,121271,209,0
2.64,285130,1777,0
5.85,7686400,146,1
2.58,2491783,2730,0
5.96,138116,110,1
3.88,3630079,2411,0
6.62,4314140,92,1
4.45,667631,3340,0
7.9,1117265,117,1
6.05,4966487,90,1
5.78,9498875,47,1
7.02,595442,173,1
3.59,2096277,4797,0
3.84,1784558,4587,0
4.08,3966088,1369,0
5.7,9657987,70,1
3.48,1397404,2289,0
2.53,3170761,4771,0
2.56,960006,3658,0
7.89,8409879,155,1
5.62,3608066,182,1
2.83,3863653,1981,0
3.32,2390898,2039,0
6.37,421803,97,1
3.75,3720350,658,0
7.0,9345661,199,1
6.82,365463,116,1
3.31,3525641,2736,0
3.17,4534857,4830,0
6.53,6261074,95,1
6.6,4640622,66,1
5.78,433146,130,1
7.11,1482453,104,1
3.74,1226620,638,0
2.81,4852771,3676,0
2.82,950372,2693,0
4.35,4505855,1519,0
5.91,3025331,69,1
6.03,5877317,24,1
3.16,692563,775,0
2.53,1071084,4526,0
3.67,3153089,1979,0
3.7,4875895,3074,0
2.64,3498817,2745,0
7.81,4202701,167,1
3.84,4940877,4607,0
3.97,1331739,148,0
6.33,258093,81,1
3.63,4595688,3206,0
4.15,945740,3827,0
4.39,1921277,371,0
5.85,1094395,56,1
4.32,2466990,4648,0
3.49,4044531,298,0
6.29,4353670,21,1
3.11,4906403,4107,0
7.69,4427881,26,1
2.52,3832656,3855,0
5.85,5269538,150,1
6.7,4444115,79,1
2.69,1316298,561,0
3.85,2574327,851,0
4.4,3767501,4997,0
4.39,413479,1072,0
4.45,3300052,3916,0
4.13,2775589,144,0
6.78,9436866,148,1
4.02,4473748,4075,0
7.14,808250,138,1
2.69,1960920,1491,0
3.05,490337,3623,0
6.53,6996991,24,1
4.02,555417,1203,0
6.86,4428320,28,1
7.57,1097345,82,1
3.07,342132,2789,0
4.1,578979,2927,0
3.62,377776,3206,0
7.01,9391837,161,1
2.83,2288710,4866,0
6.98,6641107,188,1
4.35,4252146,110,0
4.32,3784051,822,0
3.67,1233857,3598,0
7.56,7334316,66,1
7.23,3143611,166,1
6.94,495799,58,1
3.16,4267907,1129,0
3.71,4663161,3681,0
3.05,3652846,2295,0
2.76,2741413,1368,0
4.41,3750374,3917,0
5.52,7445711,77,1
6.52,1541390,93,1
3.76,2223721,3681,0
3.36,4071905,2382,0
6.46,1398687,102,1
6.89,9092442,43,1
7.39,1944769,68,1
7.1,9600761,77,1
6.58,2461291,168,1
3.04,4275287,2498,0
4.44,4360773,4346,0
2.77,2303403,1414,0
6.2,1696946,75,1
2.91,4837425,1931,0
4.19,1966710,3043,0
3.36,1295936,2926,0
2.88,2317310,350,0
3.85,4087285,3282,0
2.78,4669179,1983,0
7.57,6317920,151,1
7.51,2799231,169,1
7.79,6408778,56,1
7.74,740896,30,1
5.62,8410034,164,1
3.97,897645,4503,0
7.11,5420595,119,1
6.36,9932604,135,1
3.56,4395735,3745,0
2.69,3826156,615,0
5.77,6920795,61,1
6.21,8410961,134,1
7.16,8117951,174,1
6.13,2486122,156,1
5.94,4607088,26,1
7.22,8469621,118,1
7.1,4035234,20,1
4.47,3688127,4032,0
5.91,8978116,116,1
3.92,3010907,915,0
2.81,3301199,1972,0
2.56,994257,3603,0
7.78,337171,144,1
3.52,4657681,1154,0
5.86,7483805,195,1
5.72,8738500,157,1
3.04,2980275,2895,0
7.15,5279947,148,1
5.64,6346989,103,1
5.5,8543846,57,1
2.61,3752823,1922,0
3.39,2287907,3606,0
3.9,2602888,2558,0
2.92,3986762,2289,0
3.5,3508620,4561,0
3.76,3792518,2743,0
2.51,1671271,4351,0
7.46,6416328,47,1
3.88,207447,251,0
3.89,1810873,114,0
6.53,9966723,194,1
6.66,7525366,109,1
2.75,345468,1568,0
3.34,2693683,2350,0
3.2,4786977,2505,0
2.84,257204,1818,0
4.29,4511850,782,0
6.35,7145870,93,1
3.89,3239332,1859,0
7.21,4462360,83,1
2.72,171145,3374,0
4.08,1345624,4879,0
7.25,765154,144,1
5.89,1023901,143,1
4.12,1749521,580,0
6.35,5161362,30,1
7.1,4668256,199,1
6.82,7120545,21,1
3.04,3867741,492,0
7.75,237888,163,1
4.42,234156,3147,0
3.57,4749415,3585,0
3.16,1034796,3166,0
3.31,1210106,4846,0
7.73,8881100,32,1
7.49,9855710,40,1
6.65,9654018,151,1
6.32,1753621,143,1
2.58,2348016,2182,0
6.22,7920110,115,1
3.87,294290,1616,0
6.02,3153919,103,1
4.42,4148589,804,0
7.98,9775566,103,1
6.78,9856277,53,1
2.67,4040953,2262,0
4.24,2594529,4844,0
5.68,396538,146,1
6.37,6436592,53,1
3.95,4163845,2347,0
3.31,3659130,4092,0
5.88,1227007,31,1
7.04,7090119,145,1
3.78,3975859,1534,0
4.12,3938591,219,0
6.16,6646185,173,1
7.32,9500015,54,1
6.86,843852,24,1
6.49,8078768,149,1
3.67,3289479,3515,0
2.5,2544768,3945,0
7.04,3350407,177,1
3.25,3503030,545,0
4.0,643996,1160,0
7.78,3962057,154,1
3.27,2026429,4237,0
6.25,7958329,77,1
3.82,70793,3874,0
7.39,6937137,77,1
2.57,3454019,2313,0
6.35,6208622,101,1
3.63,2855920,251,0
6.72,2933120,117,1
5.59,8423628,196,1
7.99,113255,61,1
7.95,7105462,155,1
3.88,2299387,1556,0
6.55,4789944,78,1
6.18,2492708,61,1
3.18,4201463,2353,0
3.59,245596,3546,0
2.61,840778,3152,0
3.38,4246124,2917,0
4.3,1486707,3494,0
6.55,4699260,84,1
3.17,3406772,157,0
3.21,4153778,4964,0
5.68,4873481,139,1
7.5,9173963,79,1
6.44,7154234,77,1
4.32,1292972,3308,0
7.29,5619205,131,1
4.08,1829265,4442,0
3.62,129280,606,0
4.15,4609445,409,0
3.71,2956962,3073,0
3.4,1182634,524,0
7.91,3256735,59,1
3.12,1857300,780,0
7.58,2951952,102,1
7.32,8609590,142,1
7.37,3161791,196,1
7.76,9179942,29,1
3.57,1700222,468,0
2.6,1261491,522,0
5.64,1555531,140,1
7.78,4412976,111,1
5.69,8414058,187,1
6.38,9581263,116,1
6.56,7340460,103,1
7.63,2654204,115,1
7.01,5870152,70,1
3.21,1150451,413,0
6.69,5294368,30,1
4.34,1731771,2499,0
3.91,3142521,2140,0
4.19,4456580,910,0
6.73,5625575,140,1
3.11,3824054,3064,0
6.64,1063856,153,1
3.0,4799814,3915,0
3.2,1810295,4029,0
3.05,3574543,3770,0
6.05,827318,61,1
2.76,1156246,3010,0
3.05,1228079,137,0
4.26,4675726,1767,0
3.04,3698677,794,0
3.1,27245,3134,0
6.28,5008087,73,1
3.85,4938705,444,0
6.27,6055907,65,1
6.89,8106057,23,1
7.37,6450654,89,1
5.83,8781331,177,1
6.4,6205029,56,1
4.45,3981909,2072,0
6.27,3605902,138,1
5.94,7676197,101,1
3.89,2390098,1964,0
3.5,4892711,3232,0
2.67,379420,689,0
4.25,1930834,884,0
4.47,3102817,2041,0
6.24,5704949,53,1
2.67,1556222,105,0
2.82,888407,4515,0
7.7,7204715,131,1
5.79,2843017,140,1
3.45,3067295,975,0
6.37,3938000,73,1
6.13,3639346,117,1
7.53,6858564,58,1
4.35,1606807,754,0
3.59,385749,4286,0
7.78,3041777,100,1
5.72,6660805,47,1
3.01,880759,4124,0
7.63,386045,55,1
2.66,613317,1415,0
7.79,6487268,144,1
5.5,8764022,192,1
7.01,415326,94,1
4.08,2020306,456,0
6.51,6119416,101,1
2.86,4606841,2124,0
3.99,3124541,679,0
4.29,3646529,4015,0
5.8,979136,97,1
7.54,4738009,73,1
6.44,7562328,132,1
6.92,3988072,86,1
4.41,4313679,4006,0
3.19,159063,2583,0
3.28,3378180,1723,0
7.72,5283083,26,1
6.15,369950,71,1
5.93,5754948,133,1
5.71,4962646,122,1
6.14,172500,76,1
7.13,4042058,181,1
6.48,9555976,167,1
3.66,1681790,4919,0
3.6,3159031,3972,0
6.45,5123861,164,1
3.2,3468913,4079,0
7.67,1511341,186,1
6.44,527159,68,1
2.9,4110818,4137,0
3.29,423675,4686,0
3.3,2064203,3888,0
7.44,4900946,74,1
7.32,4685876,110,1
2.53,1956681,4652,0
7.06,8294227,128,1
2.83,3328178,3777,0
4.25,4997444,3558,0
6.49,6226382,192,1
4.25,585314,511,0
6.45,8235273,107,1
2.65,3977125,197,0
7.82,5469667,32,1
2.94,590958,2052,0
4.08,272365,304,0
6.91,693504,78,1
5.53,5875557,115,1
7.46,4226692,54,1
3.69,1446371,4799,0
6.98,7682608,100,1
3.49,4046846,3655,0
4.43,1394916,425,0
6.76,9660703,162,1
7.9,5829943,179,1
2.68,1819287,2330,0
2.61,4053149,2626,0
7.52,8136928,101,1
4.36,565429,1392,0
4.4,961710,4482,0
7.56,4661914,181,1
7.29,2876160,79,1
6.85,8784204,197,1
4.47,4405624,4894,0
4.06,3508220,2771,0
2.8,756617,1281,0
2.72,1860510,394,0
3.23,2867342,704,0
6.37,7217533,143,1
7.68,7921280,152,1
4.5,4131836,4108,0
3.55,618080,911,0
6.0,7173394,116,1
5.52,4462538,99,1
4.23,468732,3195,0
6.38,6222522,122,1
7.37,7356231,182,1
6.04,1042872,69,1
7.33,5799538,47,1
6.55,5684458,132,1
3.8,1638663,4491,0
5.74,2097750,161,1
7.27,7002940,92,1
7.1,9249954,55,1
3.02,3550223,4549,0
7.06,1459982,186,1
3.06,2162835,4584,0
6.69,8395863,62,1
2.8,976918,1866,0
3.1,4610841,4584,0
5.86,2774096,49,1
2.63,2257022,2104,0
3.95,841918,1332,0
4.35,4596086,4098,0
3.45,1169161,1065,0
2.9,3475186,3048,0
6.12,5322206,173,1
7.43,7087780,170,1
2.63,4608146,3935,0
7.67,507662,104,1
4.37,1678975,937,0
2.95,2320188,3300,0
5.78,6348606,99,1
6.24,8459387,155,1
7.83,9029419,40,1
3.86,2094711,4203,0
3.35,357834,1786,0
5.56,3287500,117,1
6.49,2845308,36,1
7.32,3271282,154,1
4.07,4172531,3341,0
2.8,1644030,3211,0
3.85,675835,2055,0
4.05,1023532,2940,0
2.73,2062432,3823,0
6.38,8223240,99,1
4.25,3918504,2720,0
6.96,6575157,96,1
3.22,1196124,4879,0
7.32,1091527,139,1
2.64,1161960,4138,0
5.63,230444,96,1
5.87,5872269,170,1
6.59,6304142,102,1
3.28,673120,3445,0
6.24,4745713,149,1
4.44,1273683,2343,0
7.37,8695102,41,1
3.29,1859657,4479,0
4.13,3475300,2681,0
5.84,3154115,103,1
6.39,1447837,70,1
3.58,97986,3733,0
3.24,3434219,2596,0
2.84,2903406,2326,0
7.2,4779290,23,1
3.22,4101535,2828,0
4.49,3253575,3225,0
6.37,8337755,62,1
3.35,1743858,2489,0
7.33,283743,86,1
2.9,4200341,2889,0
3.86,429395,4560,0
7.39,4408064,79,1
3.4,1166662,617,0
6.56,9379960,165,1
2.62,1301060,4935,0
7.41,8761443,58,1
6.89,7677912,159,1
6.32,9941789,133,1
2.74,3693615,4062,0
4.33,3943460,1447,0
4.15,4131404,2158,0
4.2,2042687,4931,0
6.67,5109502,92,1
3.99,1347870,4068,0
3.72,723394,4127,0
2.76,306248,1764,0
5.92,3803593,181,1
3.72,85410,3719,0
3.97,1898096,4132,0
6.17,6660262,182,1
4.37,1156554,999,0
6.53,2734624,71,1
4.26,1423553,4132,0
7.45,6342977,140,1
6.9,4203864,144,1
7.29,9043930,142,1
6.2,6957310,123,1
5.96,2862934,154,1
5.69,661217,135,1
7.27,1606721,69,1
5.85,3088903,151,1
6.22,3290755,30,1
3.68,86113,3300,0
7.56,470960,47,1
4.35,3026370,4726,0
6.78,4692265,119,1
7.18,5176024,40,1
6.97,5533440,43,1
4.16,2439388,1838,0
7.18,7731926,107,1
3.72,4537928,3963,0
2.75,1166185,2071,0
2.77,1157226,1347,0
6.57,1779926,21,1
6.46,9959532,52,1
4.36,881510,1912,0
6.97,9774674,61,1
7.05,520400,158,1
6.74,7735335,87,1
2.52,4525918,4657,0
7.05,3319477,187,1
5.95,1041406,171,1
5.97,9257181,112,1
7.32,6829098,196,1
2.84,1806511,2633,0
3.95,1336908,2323,0
6.35,6741679,128,1
5.93,5573655,100,1
5.77,238622,24,1
7.81,8541261,76,1
3.76,177573,771,0
3.34,2838975,3968,0
3.62,410323,3676,0
6.51,148845,97,1
5.88,9267348,66,1
2.54,1170056,977,0
4.41,1358009,3512,0
4.36,522241,4185,0
3.76,2970963,385,0
4.29,484934,3247,0
5.72,6497161,152,1
4.42,2826099,4708,0
3.91,3422684,2717,0
3.16,4345043,4816,0
6.91,6372348,67,1
7.1,1933908,80,1
3.63,415191,4630,0
3.77,4448188,2361,0
6.63,1526154,39,1
3.36,1370173,4308,0
3.78,2710439,2321,0
7.48,1155455,77,1
7.24,6818881,149,1
6.16,2565193,110,1
3.55,2167343,1132,0
4.16,3559070,2454,0
6.18,290557,61,1
5.62,9677832,98,1
7.28,2068634,197,1
7.71,3710042,159,1
4.33,4389254,1006,0
3.9,2320367,4652,0
6.17,9332760,167,1
7.54,3676252,36,1
2.59,1310688,1331,0
6.86,1795152,26,1
4.13,183847,4390,0
4.07,521391,4257,0
7.39,476114,40,1
3.95,2326104,1755,0
7.71,1500527,77,1
5.74,9022564,101,1
4.49,453160,3712,0
5.6,109675,93,1
2.77,4653499,1518,0
3.13,374594,783,0
7.41,3071955,149,1
2.64,946473,4160,0
6.57,7961377,176,1
6.77,2216032,172,1
5.69,4608880,39,1
6.51,4778169,85,1
3.28,2220510,3363,0
7.3,9132341,74,1
6.96,8188558,28,1
6.88,7234389,177,1
3.56,2573902,186,0
7.65,6703416,185,1
3.46,2517029,909,0
2.97,2948893,3232,0
6.95,902733,61,1
3.37,1984944,151,0
2.7,1268769,2082,0
6.02,6807502,83,1
2.67,3020323,3144,0
3.08,1639715,1287,0
4.03,1163043,3296,0
3.11,4733741,395,0
7.77,6152433,181,1
5.9,154149,191,1
3.36,4481570,3876,0
6.55,4084581,54,1
4.42,3054222,1466,0
7.43,8787383,99,1
3.23,2710917,4943,0
7.4,2575313,126,1
6.11,9574882,84,1
7.8,1425753,164,1
6.85,4295039,106,1
7.79,6230254,29,1
4.06,1852802,3930,0
3.62,1334338,1085,0
7.96,4838367,76,1
7.26,5843902,192,1
7.37,6057727,147,1
6.53,3616114,89,1
2.73,1227136,499,0
6.2,2391262,105,1
7.04,7081315,60,1
3.63,1334299,2051,0
2.57,1146755,4740,0
4.44,756598,2121,0
5.62,9809986,121,1
6.55,3091803,86,1
4.23,4439322,132,0
7.1,7992350,152,1
3.91,1789332,1478,0
3.86,2084929,4616,0
7.94,7481817,55,1
6.17,4160241,153,1
6.53,552754,117,1
4.37,90848,569,0
5.52,3090993,186,1
5.84,4889026,79,1
4.22,1530319,798,0
6.21,8172313,165,1
2.88,971659,3791,0
6.48,3743850,117,1
2.72,2202504,3559,0
4.31,846278,2404,0
5.92,1436533,168,1
4.3,4754499,2068,0
5.89,4442708,91,1
6.26,5345699,49,1
5.96,8114005,65,1
2.89,2562122,4959,0
6.84,6274836,37,1
7.24,3235089,67,1
3.92,2182163,2194,0
5.78,1400278,22,1
6.94,7692253,30,1
6.93,5489302,35,1
6.62,8214933,110,1
6.34,917416,59,1
3.09,4929243,1635,0
3.77,254570,2137,0
3.3,3075794,1872,0
7.86,9259331,143,1
7.52,5886448,27,1
7.8,4299773,100,1
2.54,2109057,3163,0
6.24,3345597,37,1
6.92,8747842,97,1
7.97,692573,74,1
2.82,3633191,971,0
6.08,1457410,84,1
6.19,5496392,45,1
4.2,862931,375,0
6.22,8229412,158,1
6.85,2786545,168,1
4.45,3544492,1186,0
3.91,1997434,1071,0
2.7,4356482,1200,0
6.97,7465701,144,1
4.22,3119572,3368,0
7.85,782409,87,1
5.69,9466917,192,1
7.04,1671757,163,1
5.74,4208318,172,1
2.52,18910,4917,0
6.54,8714008,103,1
4.13,883752,2720,0
7.57,6314203,171,1
3.53,242421,2435,0
7.8,5912305,183,1
3.86,4740400,2116,0
7.05,7853485,108,1
4.2,1365760,2898,0
4.3,2499662,2532,0
7.59,4701472,29,1
2.52,2635180,3775,0
7.29,7033536,174,1
6.7,9374449,177,1
2.96,468525,729,0
4.43,4412637,172,0
7.82,8226040,198,1
3.91,2439107,532,0
7.86,7545431,97,1
7.93,9816226,142,1
3.83,3381497,1784,0
7.6,4742712,61,1
5.65,5371764,146,1
6.35,270946,111,1
2.59,815676,3592,0
7.62,293434,198,1
3.67,2949273,1097,0
7.05,1123982,141,1
3.22,3271743,4197,0
5.54,2483752,144,1
6.25,7332056,161,1
2.52,2509869,2495,0
2.7,3871535,3825,0
2.97,1489239,506,0
3.8,1085490,1778,0
5.86,2154713,137,1
3.4,3102989,1075,0
3.37,2874847,3698,0
7.99,3034900,73,1
2.79,216062,4771,0
3.12,3451578,765,0
3.08,3013332,1005,0
6.23,4251218,61,1
6.68,1136415,94,1
6.2,7958075,23,1
4.11,405435,3748,0
7.22,1064002,114,1
2.62,3458088,4084,0
4.3,2487273,2279,0
3.83,4416135,4161,0
3.11,2045554,4404,0
7.93,9852310,50,1
6.06,2571743,58,1
3.4,3079066,2919,0
7.98,1296166,131,1
6.68,7728646,182,1
6.5,4257255,73,1
5.69,7769498,98,1
7.71,1883244,71,1
3.75,4148586,4840,0
4.28,936661,4508,0
6.42,9607782,145,1
3.83,831257,2255,0
2.86,4817967,577,0
7.61,2657626,147,1
6.11,3346004,21,1
7.41,6936280,97,1
3.6,4190084,4751,0
6.99,3176350,61,1
4.35,4540665,3909,0
3.07,1784821,4598,0
6.34,4996230,124,1
3.56,239200,1370,0
7.9,6006147,145,1
2.53,4053248,4801,0
6.28,1710546,104,1
2.74,607918,1112,0
3.85,501207,556,0
6.17,6353244,147,1
6.07,1318119,180,1
3.74,2691636,498,0
5.78,2670608,53,1
3.96,416954,1766,0
3.33,564883,1131,0
2.51,376973,270,0
3.79,137470,886,0
3.21,2370147,3982,0
5.85,8936108,82,1
7.13,6392101,192,1
7.42,9175354,109,1
3.28,2508363,2020,0
7.02,9452356,86,1
2.52,1524229,1966,0
7.98,4177711,101,1
6.29,5932666,142,1
3.61,4410507,4973,0
7.25,5223690,169,1
7.55,9684890,194,1
3.44,1267785,441,0
7.96,2133852,23,1
3.25,1376106,1316,0
4.09,1079098,2159,0
6.14,471676,80,1
3.01,4272918,968,0
7.69,4771177,166,1
2.65,2275104,4429,0
5.62,1428200,131,1
3.61,2524358,1629,0
4.06,454981,4812,0
7.88,8079168,138,1
3.0,3482719,2962,0
7.46,8563497,37,1
7.22,3466676,46,1
7.5,2846926,178,1
6.34,2241786,110,1
6.7,9473087,127,1
7.06,5878447,166,1
2.69,1745229,3720,0
7.32,4714328,45,1
2.86,2484887,1363,0
6.58,626413,89,1
7.21,5962941,105,1
7.5,2796667,139,1
6.56,3322421,62,1
7.22,2934147,133,1
2.82,433081,2205,0
3.16,3489402,211,0
6.94,6081231,177,1
6.79,8306923,172,1
6.64,548697,182,1
4.47,2469126,3018,0
7.61,4041876,62,1
7.11,7420699,143,1
3.85,1208955,3446,0
6.09,9993187,135,1
3.79,1391190,3815,0
4.05,1647180,2264,0
6.41,812497,136,1
6.82,9455569,25,1
3.31,1159789,1186,0
7.04,7079859,56,1
6.85,3875338,135,1
7.22,1074936,117,1
6.89,9797416,75,1
2.61,347399,511,0
6.57,6700313,189,1
6.59,6359896,175,1
7.71,8520521,122,1
7.11,2019893,133,1
6.2,2440602,191,1
3.95,3025525,4497,0
5.51,5073537,134,1
7.51,538570,132,1
7.7,7971104,174,1
2.55,3266729,995,0
4.37,136672,2998,0
7.4,7574492,189,1
7.63,9207679,179,1
2.59,1974459,822,0
2.74,4702048,107,0
3.03,4563888,1664,0
6.38,8587000,126,1
6.32,7119247,127,1
4.32,4973242,3368,0
7.98,8361399,182,1
5.94,8885884,155,1
6.94,8915784,133,1
3.45,3567670,1948,0
7.9,7289731,96,1
6.81,9714483,113,1
6.81,6748893,117,1
7.66,1497953,35,1
4.05,4860142,2754,0
5.86,3922063,124,1
3.02,3809244,1736,0
7.05,3922514,51,1
2.62,4294836,2541,0
3.5,4423952,3195,0
6.0,469451,124,1
6.02,5419260,88,1
6.94,5717194,72,1
2.73,1255699,2649,0
7.13,5400451,88,1
3.03,2956219,1626,0
5.81,8682582,37,1
5.81,5615671,147,1
5.69,7523182,157,1
3.17,641049,2148,0
3.12,799853,2338,0
5.84,1624056,164,1
3.64,2332335,1550,0
5.97,4543410,155,1
4.22,165210,123,0
6.24,8038873,120,1
3.57,4792720,4828,0
7.63,8605632,155,1
3.2,4522384,4175,0
6.32,5219826,169,1
5.95,4023753,129,1
2.88,4972199,1574,0
2.97,2128544,2952,0
4.26,4742789,2992,0
3.3,3323726,2245,0
6.3,7953326,118,1
4.36,1490036,978,0
6.43,145246,104,1
6.5,2411233,106,1
6.67,1324068,124,1
5.58,9846251,115,1
3.37,4370961,2586,0
2.75,3960674,3770,0
4.3,3865351,4865,0
6.52,1367217,102,1
6.72,8698427,100,1
6.79,4861786,130,1
4.19,3114017,2516,0
5.63,1637837,49,1
6.71,3994100,105,1
2.61,2959723,3273,0
2.65,1792333,260,0
7.99,8844088,44,1
6.98,785095,167,1
2.82,4295209,499,0
6.38,1167940,160,1
3.72,4266695,4790,0
2.6,1040355,4789,0
5.67,3713830,37,1
7.59,6271736,52,1
3.68,320232,3390,0
6.66,9487152,192,1
2.87,148477,4245,0
4.33,357002,2120,0
2.75,2409050,3689,0
6.92,2437135,94,1
2.81,692540,344,0
2.94,4357962,1135,0
5.53,8353260,74,1
5.82,8296493,193,1
6.58,2275268,62,1
6.37,1238809,182,1
4.49,1676672,3611,0
3.56,2153572,2475,0
3.42,4380586,1071,0
7.93,8740609,173,1
5.82,404022,26,1
7.05,2970225,151,1
2.59,317219,2990,0
4.0,1059471,2247,0
3.4,2151905,1069,0
3.06,45834,4275,0
7.63,1183389,73,1
2.91,657719,1090,0
4.31,2799978,3875,0
3.61,4849188,2072,0
3.02,3049256,507,0
7.39,5864127,25,1
4.0,3949114,2415,0
3.02,4264893,2331,0
4.49,4014257,1848,0
3.57,974881,4203,0
5.52,6676272,125,1
5.78,5614927,102,1
2.86,785203,1466,0
6.82,5073084,103,1
7.83,7873929,135,1
5.91,4534758,183,1
7.16,550720,136,1
7.68,4902440,156,1
7.29,3703493,159,1
3.35,2830681,170,0
3.98,4985161,576,0
2.56,1765389,1883,0
6.42,8001987,152,1
4.06,1260865,2407,0
6.31,7967802,146,1
3.74,2412052,3447,0
3.72,1057102,4049,0
5.86,6552562,187,1
4.02,825619,4284,0
7.86,9891808,180,1
3.66,695144,1808,0
6.55,4373139,45,1
6.1,4959325,51,1
6.63,4475621,148,1
4.41,928581,1748,0
3.44,3706210,2409,0
3.12,3196354,1156,0
4.16,2879270,3960,0
2.73,3789028,4955,0
7.25,5218020,33,1
6.78,5645260,160,1
7.47,345853,89,1
2.75,833498,2949,0
4.17,4084555,2040,0
3.38,857611,1651,0
7.41,5790775,176,1
7.25,3861508,162,1
5.5,5526349,137,1
3.73,4456184,3283,0
6.42,8104906,67,1
5.53,432498,146,1
6.7,8504684,135,1
6.92,9324826,80,1
6.96,9368926,108,1
3.25,4530805,2224,0
7.5,4968712,193,1
7.33,6339455,111,1
6.81,5488432,173,1
2.6,3578311,3017,0
3.26,3045432,4343,0
2.52,1405346,3935,0
6.85,8919664,29,1
6.67,7137375,175,1
5.75,8744053,150,1
7.87,7758294,128,1
3.82,3863532,2689,0
6.47,4918619,165,1
6.61,8695233,192,1
7.71,7926735,97,1
6.47,4968093,64,1
6.49,7095079,171,1
4.35,3786294,653,0
7.8,2372110,57,1
3.74,936803,2869,0
3.36,2043674,3562,0
3.44,526397,2344,0
5.91,9918842,21,1
3.75,4685673,4972,0
2.66,3734527,1487,0
2.66,1481289,2014,0
7.36,5886994,116,1
7.94,3514373,147,1
2.61,3330278,2631,0
2.58,2678894,1399,0
7.71,7695821,55,1
6.97,6692554,112,1
2.71,419505,4740,0
6.42,932947,27,1
6.39,4845293,197,1
7.56,9706530,67,1
7.99,2098522,185,1
7.09,5446638,149,1
5.9,2869760,71,1
3.33,1101289,3826,0
5.86,3631819,89,1
3.86,3865387,4117,0
3.91,1858654,1292,0
2.59,925649,262,0
7.14,910339,184,1
3.41,3952055,4209,0
3.4,2804349,2762,0
3.95,4292676,3164,0
5.94,8722084,96,1
5.57,6097430,151,1
6.73,8770008,122,1
7.48,2292543,36,1
3.97,2362172,1031,0
7.65,2050091,32,1
6.0,625905,66,1
2.75,1836531,631,0
7.41,5983715,77,1
7.76,5749270,132,1
6.24,1064642,137,1
3.76,3436558,1155,0
3.03,1871038,4385,0
3.99,1740400,1782,0
3.42,4109265,4922,0
4.18,1336665,3686,0
4.09,1343352,3559,0
3.48,2035836,924,0
6.66,8813664,33,1
2.57,4572395,4759,0
7.75,2957087,170,1
4.32,1505376,1456,0
3.25,2452161,260,0
7.37,7066853,186,1
3.98,1751437,1378,0
6.66,6730982,51,1
6.45,3550036,54,1
7.09,8654192,46,1
4.03,1735433,905,0
3.92,4956190,3744,0
3.66,345564,2229,0
7.86,1687217,87,1
4.1,903382,343,0
3.67,3349006,3919,0
3.92,2457717,3827,0
3.3,3205708,3064,0
3.5,4338061,2421,0
6.64,468976,90,1
6.68,6961019,184,1
3.26,1661924,1347,0
6.92,3452324,64,1
2.97,3608377,822,0
2.67,1096084,3792,0
7.16,3538193,158,1
4.27,3230432,4447,0
2.92,2151943,2557,0
7.67,3941053,65,1
2.83,3545819,4723,0
5.89,9402385,77,1
3.71,1332849,4487,0
2.92,626890,1650,0
2.97,3978641,559,0
7.72,9591155,126,1
6.05,1457420,134,1
2.67,3325039,3386,0
4.38,1714080,3608,0
7.06,3854237,128,1
2.65,2766584,4656,0
5.53,9495248,106,1
6.58,3884995,140,1
6.33,4104924,189,1
7.05,1372389,74,1
7.02,882159,168,1
4.08,692751,209,0
2.68,1715777,4659,0
3.51,4626351,2256,0
4.37,3694942,1441,0
7.97,934318,80,1
6.7,6347808,138,1
7.01,1387613,184,1
6.9,5663828,102,1
3.98,3203269,4328,0
6.54,3663456,68,1
4.0,1722119,392,0
2.76,1144348,1354,0
7.42,5200315,105,1
6.22,8346439,46,1
6.46,788674,129,1
4.46,1578281,3644,0
6.77,4565426,84,1
3.71,3612053,3183,0
7.29,7195201,57,1
4.44,135324,593,0
5.62,6045532,41,1
3.77,2324807,1442,0
3.43,2557972,1462,0
6.39,6204397,132,1
6.88,9834434,28,1
4.29,2173675,1072,0
3.42,1742116,2830,0
6.94,5484343,195,1
4.2,1613430,726,0
3.62,1269802,2603,0
3.49,1418547,712,0
6.86,9477688,191,1
3.99,873696,831,0
2.88,2572705,1022,0
3.29,4722754,4020,0
6.55,8909562,56,1
2.91,4174898,2158,0
3.84,2727196,2213,0
7.84,907845,188,1
2.53,1055070,1531,0
7.13,9806410,108,1
3.74,577982,1436,0
3.39,2652148,1451,0
5.55,5491230,127,1
4.3,3490038,2801,0
3.65,1313728,3157,0
6.05,8531590,43,1
3.93,660447,3334,0
6.81,1798562,197,1
6.98,7137180,55,1
3.95,3464563,1198,0
2.92,3428564,998,0
6.41,2071324,69,1
6.49,2004471,57,1
7.79,1179415,164,1
5.86,1600843,183,1
7.38,9458978,45,1
7.59,4384634,86,1
6.79,9068895,29,1
5.93,7921724,63,1
7.16,6438494,153,1
5.83,7421898,160,1
7.02,7224835,119,1
7.33,3257535,44,1
3.04,1871064,3122,0
7.97,4049452,110,1
7.42,5212831,87,1
7.58,8003989,190,1
3.48,624456,1970,0
7.9,832117,54,1
3.72,4795912,3397,0
6.98,4521444,156,1
4.17,857952,4699,0
7.41,9866992,187,1
3.57,2600509,4850,0
4.0,3402042,2381,0
6.8,8307867,170,1
2.62,4015406,1814,0
7.65,2460095,150,1
6.07,3158409,46,1
3.81,788541,4159,0
4.46,1436330,4549,0
3.81,1755272,1481,0
4.18,1891704,105,0
5.92,8051935,102,1
7.93,9015805,41,1
5.56,7055294,57,1
6.83,144075,122,1
6.19,4114167,85,1
3.86,3795602,1971,0
2.84,257315,4727,0
5.53,1433178,64,1
6.92,3212130,177,1
3.3,2121170,1373,0
7.81,5893803,199,1
3.44,1173631,2383,0
7.68,1613661,88,1
3.48,4940859,1202,0
2.93,2819353,2689,0
7.38,2040135,66,1
7.2,7403904,193,1
4.5,1386878,3409,0
6.35,2709980,25,1
7.79,423495,121,1
5.96,5222657,27,1
6.45,4459284,142,1
3.78,3731619,942,0
4.08,3889340,3938,0
3.99,4428262,4208,0
2.57,4227614,2674,0
3.79,4940665,2865,0
6.82,249596,115,1
7.28,6095587,128,1
4.26,681376,1290,0
7.91,7763193,74,1
6.4,829903,89,1
2.62,2330834,4283,0
4.12,3084199,4728,0
7.46,1101617,114,1
4.08,570462,1827,0
6.8,4570522,61,1
7.92,7533936,41,1
4.23,3225192,547,0
6.5,8150536,116,1
3.97,2239352,4974,0
6.54,4686554,154,1
4.21,2933358,4648,0
5.89,513001,171,1
5.61,7978972,141,1
3.85,2872594,3531,0
4.01,4725965,3219,0
3.81,1051388,3031,0
5.62,660365,123,1
6.5,3268157,63,1
6.08,1870012,24,1
5.91,9919839,171,1
7.37,8399215,175,1
4.27,630992,3335,0
7.92,9896904,180,1
5.73,5360061,64,1
7.9,6729368,173,1
3.17,3616562,3515,0
6.33,4930008,117,1
6.1,1352739,29,1
7.46,9436631,134,1
6.97,1635139,112,1
3.77,1880137,4731,0
6.51,9526145,58,1
6.35,8102299,21,1
6.2,7805556,162,1
6.91,2325847,190,1
2.65,2581866,4955,0
7.38,8206949,115,1
2.69,3059343,3792,0
3.47,3948541,2937,0
3.9,3636609,1269,0
3.03,3468360,1797,0
6.29,3905416,199,1
2.88,2249658,3646,0
3.09,1006965,334,0
6.26,1916076,81,1
6.63,1978187,157,1
4.21,3206347,4014,0
7.86,1458554,52,1
7.15,1419017,79,1
7.29,7487406,169,1
7.18,3033753,64,1
6.73,7523905,190,1
5.68,6806471,41,1
3.24,2406857,2611,0
6.66,6072412,118,1
3.35,3249316,500,0
7.23,7445312,69,1
7.38,6800624,156,1
4.14,3004734,2788,0
3.69,755482,159,0
6.02,2291705,110,1
6.64,5631602,147,1
4.11,4543451,1918,0
6.16,4765611,179,1
5.94,7782224,109,1
5.53,4508140,121,1
4.07,4327412,3867,0
4.27,73602,3615,0
4.42,3807505,392,0
6.19,7097034,168,1
6.04,1258813,27,1
2.73,3691805,399,0
2.69,3176975,4547,0
7.37,1503770,45,1
3.56,2204497,4584,0
5.87,1424668,82,1
3.07,885910,2770,0
5.89,2979911,138,1
5.84,1282837,150,1
7.54,1548143,161,1
2.93,2409359,2471,0
6.8,7507341,108,1
5.59,4294551,82,1
2.79,4118079,2553,0
2.67,3062567,2823,0
7.36,670809,132,1
7.3,6653053,134,1
4.4,3602418,4181,0
7.78,302279,71,1
2.56,4178504,217,0
4.33,3019311,4787,0
5.99,8168923,37,1
6.02,2411424,177,1
3.74,1270896,1370,0
2.59,3165486,4888,0
6.24,6403787,24,1
7.61,5127095,49,1
6.37,3181711,139,1
3.81,13658,264,0
3.65,2196781,627,0
6.33,7232174,161,1
3.96,3327369,3849,0
2.88,2386213,2889,0
2.68,4643089,4505,0
7.44,1785457,156,1
3.42,4724828,1379,0
6.79,5651017,196,1
2.86,4864902,1505,0
6.77,4033143,63,1
6.89,2563435,84,1
2.71,1397963,181,0
3.43,4017696,3491,0
3.85,340560,4467,0
5.69,9940972,76,1
6.41,7871312,86,1
5.72,6425879,123,1
2.78,646525,2649,0
6.77,3950219,145,1
2.95,4580393,4866,0
3.79,4216430,4624,0
5.92,1629085,36,1
4.48,4062754,798,0
4.04,3854506,1376,0
7.44,8542215,119,1
6.55,558224,66,1
6.96,9831010,69,1
6.23,7801018,29,1
5.88,5633579,20,1
6.4,1649384,123,1
3.65,2837655,1323,0
7.44,1465556,120,1
6.22,1542725,36,1
3.06,1315451,2592,0
6.04,3903562,131,1
7.11,7427166,88,1
7.04,3595031,185,1
3.55,809547,4150,0
4.44,3284754,718,0
3.67,3911904,1318,0
7.97,169763,114,1
4.42,38452,422,0
6.48,7077923,98,1
7.06,7760803,31,1
5.58,209076,128,1
3.74,3648340,940,0
6.82,7473035,47,1
3.4,2528655,290,0
2.86,1015325,2587,0
6.37,4678385,104,1
2.63,45357,692,0
3.47,4089091,1970,0
6.15,6386098,30,1
7.28,6708024,41,1
6.16,9068350,72,1
4.12,1210495,3900,0
3.84,2005600,1465,0
3.3,2940214,442,0
3.0,1677612,3597,0
4.09,981772,3777,0
6.46,9229274,46,1
2.98,3727813,4195,0
4.15,4219917,3505,0
3.3,3016299,3184,0
6.38,6824451,177,1
7.91,9390922,36,1
5.5,396842,190,1
7.43,142673,164,1
3.16,4362604,4476,0
5.61,4263425,121,1
3.83,1254414,1870,0
6.48,9293103,41,1
3.89,4009611,1696,0
2.97,833141,4325,0
3.33,778755,2348,0
6.52,4268735,70,1
3.88,823192,3556,0
7.08,6334657,145,1
5.62,1750607,76,1
4.08,4476326,3778,0
2.89,4989253,397,0
2.58,554266,3541,0
7.66,6037715,184,1
4.33,3512959,4697,0
3.39,2196574,590,0
2.57,2674526,1448,0
5.83,4222166,96,1
7.68,7466490,114,1
5.92,6004681,75,1
3.98,2760898,4695,0
3.53,2566738,4161,0
3.54,405652,4880,0
5.59,5034746,120,1
5.98,5959936,128,1
6.92,8127863,45,1
3.92,2230104,348,0
4.07,385048,2989,0
2.82,597191,4523,0
7.64,2974268,178,1
7.06,4808187,69,1
7.38,4852212,158,1
6.91,4110846,150,1
2.99,413253,909,0
6.24,9711937,38,1
4.02,4108922,1831,0
4.03,2732650,4711,0
3.11,1752193,2134,0
7.73,8326620,136,1
3.84,965156,3305,0
2.69,1574345,1822,0
3.15,2932410,2670,0
4.38,4646020,1879,0
2.74,256220,2117,0
7.2,1924533,112,1
7.69,2946490,199,1
7.86,3920337,107,1
3.34,1392536,3542,0
5.77,5619638,84,1
3.69,1532314,1180,0
6.08,2930653,96,1
6.67,427249,82,1
3.32,2800331,4333,0
7.38,615419,39,1
2.62,3317271,3214,0
4.45,4954936,3238,0
3.44,1801171,1027,0
5.64,9195330,47,1
3.39,536879,4751,0
3.52,4530369,3105,0
4.03,502564,4891,0
3.03,1236180,3425,0
3.5,3367074,3898,0
6.28,1507760,53,1
7.57,585114,128,1
6.08,6960348,108,1
3.6,1527276,975,0
5.81,4281465,20,1
6.77,5309143,167,1
7.68,6239683,93,1
7.03,616784,120,1
3.63,4801581,4973,0
4.09,2458641,901,0
7.92,2239994,39,1
2.78,622445,4084,0
4.06,4593710,2443,0
5.98,1665871,107,1
2.95,858124,2995,0
3.88,2012214,2317,0
4.14,2124338,3382,0
5.61,3417945,177,1
3.31,1332952,4794,0
6.47,4704810,99,1
7.23,7617099,62,1
7.65,4324442,126,1
3.68,1091818,231,0
3.62,2837211,1037,0
7.91,9708055,151,1
7.74,8460419,49,1
6.08,1831831,112,1
7.57,2436657,36,1
7.12,2227716,191,1
3.09,802896,4976,0
3.11,3154550,677,0
3.69,694790,698,0
3.29,4972309,4594,0
3.1,92842,1951,0
2.61,1024518,2247,0
7.23,6333517,150,1
6.29,3067406,108,1
2.71,3735451,376,0
6.6,5318289,174,1
5.64,3271539,113,1
3.74,381031,3548,0
4.45,2836854,2375,0
7.08,9990780,168,1
4.36,301418,425,0
6.91,4721524,188,1
3.6,326442,4936,0
6.91,6938663,106,1
4.33,2176875,4974,0
3.73,2549167,1485,0
4.01,2363048,3801,0
3.29,3560618,3945,0
7.69,9831549,63,1
3.02,2800235,2551,0
3.47,2040444,1236,0
2.93,3108677,2211,0
4.09,628687,4837,0
7.84,3663645,36,1
4.44,2838759,2165,0
4.23,3657551,2810,0
6.58,7328987,182,1
3.8,2297714,405,0
2.8,431365,4495,0
2.91,1598950,552,0
4.14,2418671,2434,0
8.0,4554121,145,1
2.85,308568,3534,0
4.13,4453520,4520,0
6.53,4743826,188,1
7.65,2526787,51,1
3.06,3397426,1527,0
6.45,1245977,188,1
7.52,8130286,30,1
2.79,2393490,553,0
4.21,4700631,4362,0
4.43,2178448,416,0
4.42,2112396,2905,0
2.53,192292,3694,0
5.65,4581860,172,1
2.72,2236865,4921,0
3.11,4442524,1947,0
4.47,3367060,2526,0
7.27,4865010,53,1
6.85,8830681,135,1
7.85,2629537,159,1
3.47,3286614,1097,0
3.2,90880,477,0
6.43,8515655,155,1
6.47,785195,125,1
3.27,1711582,4029,0
5.73,8674315,199,1
2.66,3603144,1010,0
4.25,1862535,2284,0
5.84,5088259,33,1
2.9,2065907,269,0
3.51,3747665,4748,0
4.48,2723789,721,0
3.35,2415071,2292,0
4.43,2679052,1442,0
3.27,2451194,1176,0
7.7,3366323,149,1
7.68,8326823,132,1
2.62,4032113,3471,0
3.61,4914533,4973,0
7.88,1437339,37,1
4.04,1401019,2983,0
6.2,3937130,118,1
7.65,519697,187,1
7.87,2154774,172,1
4.28,3357334,4681,0
2.55,3541215,1674,0
6.57,2425434,168,1
2.74,2266557,2533,0
6.33,8420356,32,1
6.68,3353321,74,1
7.69,8805617,69,1
3.81,4536432,4196,0
3.04,984547,2974,0
6.09,3120945,198,1
5.94,846262,68,1
7.31,9554469,171,1
7.67,7128399,20,1
4.46,4411555,4812,0
3.04,293093,252,0
4.27,3079325,4175,0
4.08,4828805,4160,0
7.82,1905326,149,1
2.64,830864,882,0
7.17,2208220,113,1
7.67,949908,168,1
7.62,5493054,139,1
5.98,5809969,169,1
7.4,2316970,128,1
7.07,2597205,51,1
5.91,2058390,24,1
7.29,5159745,119,1
6.22,8537979,22,1
3.47,247104,4823,0
3.03,3152847,3789,0
3.08,4314373,184,0
4.49,1846329,1317,0
3.72,1918305,156,0
6.18,516599,197,1
7.92,6509854,63,1
7.72,2185548,61,1
5.56,634212,106,1
7.0,2915870,72,1
6.82,1150906,185,1
2.93,3127694,2253,0
7.91,8752203,105,1
5.97,6778418,28,1
6.27,8958168,62,1
4.16,2940806,4280,0
5.75,4780590,121,1
5.88,5793800,133,1
6.93,4162512,40,1
7.07,3110301,151,1
7.77,3508563,182,1
4.0,119778,4091,0
5.84,3608923,181,1
2.7,3984082,1706,0
7.9,2036306,40,1
2.92,3883434,655,0
6.25,5182089,86,1
3.34,597344,722,0
6.77,8660341,112,1
7.85,2999415,92,1
7.77,8189652,83,1
2.75,3351056,4807,0
2.7,3884673,2007,0
4.44,456058,943,0
6.25,1939195,65,1
6.01,6948461,162,1
3.86,2448928,2225,0
4.16,2194375,2207,0
3.28,3978085,684,0
4.06,1433962,4346,0
3.91,1980259,3204,0
7.86,2333899,35,1
7.03,1892258,119,1
3.04,3415394,2074,0
7.23,7877636,188,1
4.21,1290416,2650,0
6.47,8147703,170,1
5.95,5916587,120,1
3.67,4059546,3671,0
2.92,4476429,3239,0
2.83,665228,368,0
6.9,6900114,43,1
2.54,3055192,103,0
3.23,865608,4237,0
7.8,2487002,172,1
2.76,1403856,1146,0
4.08,3664423,1949,0
6.86,9867596,111,1
7.13,5719829,137,1
3.92,2357209,3717,0
2.51,3199670,3257,0
6.09,8529556,60,1
7.61,1603082,189,1
6.41,9565460,57,1
3.98,154805,3210,0
7.58,7746199,47,1
3.37,2327284,2981,0
6.61,9453908,108,1
2.88,2601825,1256,0
2.87,540357,3978,0
6.95,5593966,105,1
3.48,1989594,1424,0
7.46,9878533,22,1
7.38,8204273,67,1
7.23,2328010,38,1
4.05,3146484,4178,0
7.43,3151147,26,1
3.48,4430899,4205,0
6.4,3139767,180,1
7.4,3329623,56,1
4.02,1000897,777,0
4.35,3394193,2898,0
6.13,2045667,194,1
7.45,6789570,151,1
7.99,5846373,146,1
7.78,1449998,61,1
6.73,1550605,44,1
2.51,1855858,4718,0
3.82,578002,1729,0
3.45,1148761,4510,0
7.24,8645615,95,1
3.23,178976,1011,0
2.89,1517801,1444,0
2.65,177860,927,0
6.5,7573117,26,1
3.3,2351808,407,0
3.02,1869013,1578,0
7.06,7034286,128,1
7.28,1491528,196,1
3.46,3494802,449,0
6.15,2544062,54,1
6.98,4748842,65,1
7.11,5916239,41,1
7.62,7768418,55,1
6.83,3048553,126,1
4.14,1330728,3155,0
4.07,3859213,2557,0
5.94,8270049,89,1
7.55,2729581,125,1
4.34,2548168,851,0
7.64,4062699,109,1
7.36,1294894,137,1
3.78,1866512,2260,0
3.55,4923550,1903,0
7.58,8227801,189,1
3.08,2977678,3390,0
2.93,2318499,4973,0
7.61,2412466,42,1
5.5,1134416,91,1
7.03,2434506,125,1
7.96,4600883,157,1
3.62,3966160,3158,0
3.87,4205035,3350,0
3.04,2786897,2808,0
3.71,2170640,3410,0
3.43,2673660,3252,0
6.42,3347836,134,1
5.95,3822636,121,1
4.08,2202462,4215,0
3.71,2475413,4755,0
2.83,2547989,3608,0
6.84,6832858,139,1
6.84,472362,121,1
7.76,781289,107,1
4.09,2495598,3883,0
4.18,4211661,2743,0
2.84,4586919,625,0
3.57,3314432,4173,0
4.42,906892,3626,0
4.01,847067,3342,0
4.2,3728511,207,0
3.93,3917998,3676,0
5.84,9300733,64,1
2.69,604450,4186,0
6.09,8609670,52,1
6.37,403533,37,1
5.91,9575288,29,1
7.64,8533518,75,1
3.15,1783669,2464,0
7.29,5020019,96,1
7.14,8225432,74,1
7.28,7887157,50,1
4.06,773052,1092,0
3.34,2339251,2281,0
7.46,6985274,197,1
2.85,3534137,2913,0
3.81,1977148,4112,0
3.39,4508916,4668,0
3.48,4190313,918,0
6.92,7905042,71,1
3.56,4484272,4495,0
3.15,2614571,2907,0
6.73,3121515,100,1
2.58,1701819,3921,0
4.34,993601,3156,0
6.93,5384782,179,1
4.09,4451356,516,0
2.89,2386227,1179,0
7.29,8636413,140,1
6.12,364243,143,1
7.53,8951551,71,1
2.83,4696803,2704,0
3.77,2103812,342,0
7.95,2034611,162,1
4.28,2706791,2787,0
3.92,1350354,2681,0
6.59,6701883,86,1
2.57,1663363,3555,0
5.78,6667630,107,1
7.97,7900937,49,1
7.65,5388501,87,1
2.86,1554716,1331,0
7.63,7630031,199,1
3.69,4877679,1079,0
7.24,5267394,101,1
2.51,2704543,1213,0
3.97,1259865,1547,0
6.98,5023346,147,1
3.41,2051786,1240,0
3.45,1044045,2426,0
3.65,2001628,1050,0
7.33,6928691,161,1
6.53,5366726,165,1
3.86,215677,333,0
3.43,1893907,2102,0
5.77,3649659,157,1
4.03,586586,3961,0
3.51,1435662,2309,0
6.23,8249941,50,1
6.16,6555138,56,1
3.76,3736643,2783,0
6.65,9157867,85,1
3.65,2450492,3895,0
2.52,2555649,3830,0
7.48,7397307,86,1
3.3,811103,1917,0
3.95,4877154,480,0
3.62,3975224,1862,0
5.9,428382,125,1
3.5,4628616,3008,0
6.18,2601049,187,1
6.31,5247968,160,1
7.72,5503857,159,1
7.08,8435702,27,1
3.1,1569244,3123,0
3.53,3619154,3374,0
6.12,3209846,150,1
6.15,8973341,25,1
3.8,1060956,1799,0
3.09,3902671,3102,0
7.55,450858,166,1
2.85,1295780,2414,0
5.91,4930667,124,1
7.44,404173,39,1
7.82,1817231,118,1
2.8,871241,1257,0
3.69,1998647,1832,0
6.71,275093,83,1
3.2,2996475,3128,0
4.4,270481,3584,0
3.19,4160783,3592,0
2.65,3351742,581,0
6.58,6785152,168,1
3.67,559068,1298,0
3.9,4550724,2984,0
6.64,7092159,38,1
2.98,4279215,1968,0
6.64,8771808,135,1
3.61,4671034,1419,0
7.48,4922916,37,1
4.48,1817222,1312,0
3.27,3319890,2084,0
2.58,4759792,1919,0
6.11,8860638,99,1
6.74,1645620,90,1
2.72,2905297,2557,0
2.55,1140491,412,0
5.88,5969501,33,1
3.8,3939196,1046,0
5.7,2673744,180,1
5.78,388912,150,1
4.08,4919507,3759,0
6.67,7846433,120,1
2.76,4553114,4850,0
3.87,1494428,646,0
6.47,3379061,141,1
3.75,974859,4453,0
3.78,1573352,360,0
3.79,3642029,1961,0
3.81,2268909,3547,0
2.95,3355559,1711,0
7.73,5203413,164,1
4.29,686821,3637,0
3.0,3781673,4362,0
3.46,144016,4065,0
7.93,9973168,156,1
5.7,2236508,80,1
6.84,4784430,64,1
7.2,6130865,135,1
2.95,644267,3997,0
7.83,5011211,22,1
7.35,5027607,186,1
2.53,3879559,3641,0
7.84,8049054,169,1
5.8,8695422,181,1
4.0,2021182,1380,0
2.57,4640868,1302,0
3.16,4126946,445,0
3.16,2291887,1727,0
2.87,109130,2904,0
3.33,3656330,3471,0
7.88,6560114,82,1
6.82,7825298,102,1
7.96,1390523,26,1
3.76,4210139,1968,0
6.05,3592848,172,1
4.19,4596404,4796,0
5.54,2095360,123,1
4.29,3392644,2724,0
6.42,3552098,183,1
3.77,4243514,3224,0
4.44,1116365,1360,0
6.49,1082911,114,1
7.31,480143,141,1
7.03,9913376,44,1
6.47,2515783,145,1
3.87,2408782,1024,0
3.84,3666231,2403,0
7.15,3877944,98,1
2.52,1036523,361,0
4.2,366941,3167,0
3.36,2198986,400,0
5.55,6337533,194,1
6.41,7362957,70,1
7.45,5497055,138,1
6.95,1092735,112,1
7.91,1036732,37,1
7.41,7121125,152,1
6.85,448594,134,1
7.09,9182610,102,1
6.38,2052289,150,1
3.44,4030196,994,0
2.52,4310155,4224,0
6.79,9522470,122,1
2.75,1066907,2080,0
3.29,1901566,2726,0
6.55,6818504,127,1
5.59,6716030,159,1
6.35,4982712,123,1
6.55,8767027,25,1
4.48,3330906,3890,0
3.23,4666849,343,0
5.64,1871479,35,1
2.68,2954654,2455,0
2.98,4652849,3301,0
5.52,506695,130,1
2.81,4369582,3626,0
3.26,4551873,3842,0
3.46,405001,1782,0
6.04,1852122,88,1
6.16,9759795,149,1
7.15,7403523,67,1
5.57,7474354,68,1
6.02,3173212,56,1
3.4,3015749,2348,0
6.79,6623242,165,1
3.98,1450665,1100,0
3.38,337750,4589,0
7.28,4064717,174,1
3.81,2850070,1483,0
7.18,7859815,162,1
5.5,3936003,26,1
6.41,5848601,29,1
3.52,4673415,1106,0
4.28,4504094,364,0
7.46,4795717,100,1
6.18,2061275,44,1
4.01,1681630,3178,0
4.4,1147154,390,0
3.69,380598,1274,0
7.09,5316943,113,1
6.96,4604390,196,1
7.54,641760,31,1
4.22,782717,281,0
7.15,208636,25,1
4.27,1880275,4128,0
6.31,5583600,153,1
3.93,1095486,3615,0
2.66,1831887,4623,0
3.37,2330661,2842,0
3.77,4901994,266,0
7.96,5736909,105,1
6.63,7809856,197,1
6.58,480295,22,1
3.1,1336519,652,0
7.74,9908747,128,1
6.41,2231452,165,1
3.85,1349502,1452,0
7.05,4262993,136,1
7.16,494894,46,1
7.85,5537713,198,1
7.7,523964,124,1
7.58,2390624,148,1
3.74,2799369,2044,0
3.06,791621,3892,0
3.5,2796696,3535,0
6.52,7411150,30,1
6.29,8520845,176,1
4.26,3015202,2597,0
4.06,858788,1375,0
2.78,1524655,4402,0
3.42,1968302,2379,0
7.69,6082864,65,1
4.05,3140168,814,0
4.48,4707257,4309,0
5.96,7045644,52,1
7.97,2497778,24,1
7.17,199578,68,1
4.46,1041121,3160,0
7.39,4390170,77,1
4.47,45964,3885,0
2.8,93357,2832,0
4.1,1059086,2219,0
4.01,3750770,1420,0
6.41,2851728,30,1
6.83,3274045,149,1
3.48,4390136,4638,0
4.45,1387546,1900,0
3.73,2996024,2584,0
5.9,6481158,70,1
5.9,5407775,36,1
4.32,1267896,1986,0
7.23,4933669,166,1
7.28,2735221,190,1
4.31,4033838,3233,0
6.77,2363150,95,1
5.52,2056129,185,1
2.65,1961361,2764,0
5.69,9484520,130,1
3.83,3374038,2464,0
4.04,3200549,3991,0
3.84,2391562,2949,0
2.58,560740,3826,0
4.21,2711527,2346,0
3.57,3438564,774,0
4.39,2552487,814,0
7.92,2913809,84,1
4.14,4901283,173,0
6.51,5183507,173,1
5.62,4065517,187,1
7.71,4733764,164,1
7.58,8909719,180,1
3.31,444936,633,0
7.28,2414757,25,1
7.14,1196881,124,1
2.87,3763774,3129,0
5.7,343671,167,1
3.31,3088915,4676,0
6.66,6985235,50,1
2.86,1883023,4188,0
3.93,2467109,2536,0
6.22,5613334,162,1
3.45,3326886,3271,0
2.74,4953121,2881,0
4.41,1742267,918,0
7.72,977584,37,1
3.42,4001866,2740,0
7.62,241152,24,1
4.02,435860,4296,0
5.58,4945150,150,1
7.26,5089497,48,1
7.7,3280166,145,1
5.8,7133422,141,1
6.69,6167956,118,1
3.56,1333652,3418,0
3.16,4691228,1166,0
2.86,752890,2320,0
3.46,3515277,3504,0
6.0,191841,52,1
3.13,894669,3496,0
6.53,239667,163,1
3.76,3238380,2328,0
4.1,500366,1869,0
4.16,3421558,1531,0
6.76,1676729,39,1
6.21,2101497,151,1
3.6,4913002,3764,0
6.08,5919564,43,1
7.43,9942204,97,1
3.89,236435,3386,0
6.53,8801570,199,1
2.99,4055286,4370,0
4.25,1619338,3567,0
2.52,103888,1425,0
5.82,6945525,103,1
6.58,5152883,24,1
6.21,500312,52,1
7.82,4493401,80,1
7.64,6114255,64,1
3.02,189433,1619,0
3.46,3683192,1006,0
5.89,8456124,163,1
2.73,4937908,1687,0
6.66,7890020,194,1
3.96,3732439,4365,0
3.22,3321384,1096,0
3.79,827955,4116,0
4.05,1681059,322,0
2.95,729247,3513,0
2.69,3396335,485,0
6.8,1442661,145,1
3.51,2262115,2973,0
7.13,8056618,23,1
3.59,1235485,812,0
7.25,6891055,158,1
7.33,7387671,93,1
3.78,3590457,4200,0
6.37,6575482,67,1
6.25,412997,27,1
5.6,4063138,119,1
6.99,9556680,117,1
2.73,3535403,340,0
6.45,2651349,184,1
3.82,2297835,4109,0
7.36,3033027,79,1
3.68,1841236,4485,0
7.65,3143591,161,1
3.18,2720296,1998,0
2.99,3237154,3953,0
2.99,3334579,3686,0
7.61,2384800,47,1
7.3,2257697,186,1
3.6,301328,3797,0
5.76,9563811,143,1
5.89,8012238,71,1
6.51,8939643,108,1
7.97,6028752,54,1
3.59,3164955,1446,0
6.61,3260164,194,1
6.8,7186384,196,1
3.61,606303,3935,0
4.15,1176880,2675,0
2.79,3359192,2585,0
3.82,1563263,1713,0
2.55,2993851,3524,0
6.9,9291655,154,1
7.6,2660194,106,1
2.63,3566749,1631,0
3.51,3347936,4304,0
7.84,5172202,120,1
3.54,4914138,1582,0
6.45,9718445,171,1
4.4,1113698,2244,0
3.98,1386877,870,0
3.47,3050076,3835,0
6.51,7810743,107,1
3.05,2736589,4482,0
5.99,4393524,44,1
6.6,7289427,71,1
4.46,1157848,1443,0
3.03,304015,3815,0
3.6,1340053,999,0
4.45,4575671,2830,0
2.84,4870908,1936,0
6.96,5707038,153,1
5.91,5172443,163,1
3.09,4470579,4874,0
6.89,2941431,34,1
3.06,546576,2642,0
6.67,2170570,117,1
6.62,3021881,37,1
5.72,4477970,23,1
3.7,2879436,4806,0
2.94,568909,579,0
7.33,7126484,96,1
6.93,3789487,82,1
2.89,215819,1501,0
6.82,2698236,149,1
7.78,4014923,80,1
3.85,2650778,537,0
6.23,2852943,174,1
7.99,3951282,57,1
3.43,775771,4861,0
3.93,4961892,2097,0
2.94,1614226,4861,0
5.98,3056970,55,1
6.63,6295010,75,1
5.83,2153171,33,1
5.7,6402375,181,1
7.05,9671676,76,1
6.61,772615,104,1
4.0,2425236,2998,0
3.75,558280,4235,0
2.81,1923465,2620,0
6.7,8025791,108,1
2.97,2253144,3399,0
4.38,575507,674,0
3.38,4597139,1559,0
6.34,5265525,98,1
6.93,6610186,105,1
5.88,2962239,40,1
3.35,2253708,4841,0
7.96,7943611,50,1
3.79,116109,4858,0
6.37,444490,62,1
7.22,3751620,64,1
7.87,4064962,196,1
2.56,92945,4983,0
7.77,4035455,178,1
2.76,3838386,2633,0
7.36,7608598,88,1
3.35,2364172,112,0
3.46,1069243,3719,0
3.91,3196908,3736,0
3.28,2437309,678,0
3.22,1906231,3104,0
2.7,3710973,808,0
7.41,1010920,188,1
7.11,800942,179,1
5.77,177687,111,1
4.36,2359512,4346,0
6.51,6988341,146,1
2.5,1802203,2553,0
7.39,371934,140,1
6.37,8043981,21,1
7.91,6826736,192,1
2.53,1345165,608,0
4.14,4612391,2225,0
4.06,855353,376,0
6.35,3449680,76,1
2.92,4615815,1470,0
6.42,7373360,129,1
4.1,2479588,4627,0
5.75,3248258,117,1
5.84,5451774,57,1
6.83,8503908,174,1
2.94,563130,4183,0
6.31,9366255,140,1
7.77,3739927,64,1
4.11,643356,530,0
3.46,4113886,1074,0
4.25,3227263,1341,0
2.75,3821521,609,0
3.76,3079682,466,0
7.39,1799642,119,1
3.82,4954484,480,0
3.13,493930,2434,0
7.02,6311632,32,1
3.58,3849037,670,0
4.39,2641788,2571,0
6.87,9596695,157,1
6.87,6528305,35,1
4.36,1454086,4919,0
4.25,2059021,3774,0
3.46,1066826,3801,0
7.51,9170323,79,1
7.42,9965188,124,1
3.81,2181100,2359,0
5.86,8005939,140,1
6.81,567354,123,1
7.45,7301978,164,1
6.69,2680279,103,1
7.84,7780800,169,1
7.43,9758989,184,1
3.68,1142735,4638,0
5.89,1145157,61,1
7.45,968934,75,1
3.95,3223193,4288,0
3.94,3174046,653,0
5.76,5866639,167,1
3.65,1631140,2664,0
6.81,1097160,164,1
2.74,4364350,3442,0
2.98,2529961,3738,0
3.54,3229270,1502,0
7.61,707145,24,1
3.72,2025278,4741,0
7.54,5766194,163,1
2.85,4309623,4912,0
4.27,2737772,1373,0
7.56,9631068,83,1
6.12,5849632,141,1
4.23,2303894,3954,0
4.29,2360283,2986,0
3.3,3303678,304,0
3.56,1173871,2553,0
7.98,3593064,166,1
7.32,4341473,63,1
2.65,2476743,4907,0
6.34,9130393,94,1
6.59,9757395,125,1
5.94,9738856,169,1
7.1,6864661,115,1
7.6,3045582,150,1
4.44,2669665,1212,0
3.55,4579118,513,0
3.42,3952658,1624,0
7.45,6023340,177,1
6.03,1161095,29,1
7.15,9496352,29,1
2.92,2413240,2898,0
7.75,273719,38,1
4.23,2840921,200,0
7.64,4723308,160,1
3.94,2668994,799,0
6.25,6948128,86,1
6.41,9730280,107,1
6.99,7811935,53,1
3.3,2922667,132,0
4.42,3714699,4095,0
6.47,690790,122,1
7.75,3729324,70,1
3.34,1750138,3404,0
2.5,4560446,2272,0
3.42,1832093,4097,0
3.53,2172410,2120,0
6.59,5237029,174,1
2.7,4529728,4418,0
4.38,396767,3956,0
6.2,8233762,142,1
3.45,4156587,4271,0
3.94,4061274,1126,0
6.87,9384948,110,1
6.11,8078841,139,1
6.91,6376654,59,1
3.17,4748050,4530,0
5.69,9503197,91,1
4.05,1713575,1964,0
3.45,2514814,4993,0
2.74,3145317,3137,0
5.68,9872319,45,1
7.69,8664220,128,1
7.43,9828314,26,1
3.43,2299464,3992,0
3.89,4942466,1328,0
3.58,4568396,4925,0
3.21,4922756,2884,0
3.96,2190281,2961,0
2.56,1004788,3930,0
7.55,5926473,107,1
6.46,6922285,154,1
2.88,2589951,1005,0
7.84,7892025,88,1
3.38,175250,2561,0
3.48,3672281,146,0
5.98,664531,182,1
6.2,9984013,154,1
4.14,3825920,121,0
2.5,4957990,866,0
7.12,649159,121,1
3.55,3718176,474,0
7.08,7410771,71,1
5.75,128991,49,1
3.31,30536,585,0
5.6,3401657,34,1
5.84,5797112,164,1
6.69,4410041,38,1
5.53,9536919,195,1
5.56,8363473,124,1
6.24,8686052,81,1
3.61,1640388,1667,0
2.79,583112,1896,0
2.58,534861,4442,0
6.3,4596884,83,1
4.08,2991008,563,0
2.99,2857811,3673,0
5.94,1326994,58,1
3.07,106498,3286,0
3.61,1365684,3489,0
6.7,4846231,199,1
3.15,2940617,1676,0
4.14,1440076,4012,0
4.18,2341132,1120,0
7.72,8174719,87,1
3.79,136086,3907,0
7.22,9828501,86,1
3.81,2375326,2430,0
7.72,3370008,113,1
6.9,4074846,160,1
3.89,2776674,1210,0
3.86,574518,266,0
7.68,924886,111,1
5.52,7427759,154,1
6.73,4064055,114,1
4.16,346873,1870,0
6.42,4931364,74,1
3.0,3109259,4286,0
2.94,3247654,4808,0
7.62,8437127,95,1
3.14,2012860,4978,0
7.11,5882176,81,1
4.03,3711955,475,0
5.58,5502929,182,1
3.37,3750566,4507,0
4.38,3691627,1014,0
4.4,1139688,2520,0
5.85,3462453,186,1
3.35,2221769,4222,0
6.62,3536427,90,1
3.77,341112,1235,0
7.24,5126149,142,1
7.4,3512286,198,1
6.7,8197244,63,1
5.53,205574,138,1
2.79,1859817,4489,0
7.96,9214626,40,1
6.45,6585494,170,1
3.61,1839728,257,0
3.88,4310581,3558,0
6.88,2838346,55,1
3.96,2623857,1273,0
3.81,1819082,3656,0
4.08,1829246,244,0
3.39,3182889,4637,0
7.5,3699343,25,1
3.18,2040219,3494,0
6.86,1275726,64,1
6.29,5423932,47,1
6.51,795689,74,1
6.62,2990362,55,1
7.47,2891932,43,1
7.55,2191727,94,1
7.94,2591354,168,1
2.58,4355492,1834,0
5.87,1957940,185,1
2.76,4166667,1411,0
6.56,8906143,37,1
4.32,4220487,2639,0
7.63,4661474,160,1
6.36,7689289,131,1
7.65,7895081,95,1
6.49,3503836,109,1
3.44,4827703,1916,0
6.75,3040293,39,1
5.73,3371944,179,1
6.65,7406175,148,1
7.02,2771299,124,1
4.26,948993,1475,0
4.05,2228016,3194,0
7.6,8512212,34,1
7.27,1202095,118,1
3.06,4508399,4127,0
3.03,4544504,1957,0
3.5,3315199,3288,0
5.94,1428632,141,1
7.8,8499706,22,1
3.66,3208523,3976,0
4.38,4849486,297,0
7.0,2401073,97,1
3.62,1149873,2892,0
3.73,4940135,3043,0
2.88,3533965,3324,0
6.34,1592236,196,1
7.3,7238380,152,1
5.92,8935597,166,1
3.8,4220239,4821,0
3.38,4935190,423,0
3.16,2733872,3775,0
3.12,2938724,468,0
6.87,5934402,81,1
2.77,3830267,2584,0
3.35,2720593,2677,0
3.66,4953623,724,0
6.7,1817303,177,1
7.13,6807830,169,1
5.75,279280,115,1
2.73,2769449,4444,0
6.48,9383163,191,1
3.08,4859914,4674,0
5.85,6252464,184,1
3.31,1171424,1312,0
4.32,788911,4839,0
6.59,7763030,23,1
3.83,4846783,2857,0
7.0,4859566,42,1
5.97,7109993,56,1
7.74,6333237,173,1
3.24,3080330,3839,0
6.75,5704733,181,1
3.91,1245603,1781,0
3.83,4685697,1893,0
6.35,3389365,179,1
5.94,2317663,100,1
6.13,3189427,62,1
7.19,768912,137,1
6.12,9746895,90,1
6.68,2235490,78,1
7.59,2931221,168,1
4.22,4845250,1848,0
6.99,1066245,175,1
3.58,2576098,1474,0
4.08,1278545,4952,0
4.23,1598049,3540,0
2.59,427727,875,0
7.45,2363555,129,1
5.6,1566792,88,1
2.95,4904522,4795,0
3.08,4447040,1704,0
7.54,5521580,58,1
5.52,6145925,104,1
6.42,7251316,95,1
3.95,3145588,4922,0
3.22,3907978,4094,0
7.03,256871,158,1
3.59,286736,412,0
6.75,6733112,101,1
6.51,9571560,66,1
6.2,3996498,137,1
4.0,490718,4765,0
3.97,2063981,822,0
2.74,3848102,4394,0
7.2,8796867,151,1
3.16,3991906,276,0
3.11,2582729,3874,0
4.25,776797,1157,0
3.63,3723909,670,0
7.14,4709334,113,1
5.65,2749335,157,1
2.85,4439222,688,0
2.79,1048027,1211,0
3.82,103914,281,0
4.32,2193956,2556,0
4.46,2343284,3309,0
4.48,2386727,734,0
2.95,2243587,2566,0
4.39,595039,1558,0
3.18,951553,2498,0
2.54,2789566,4589,0
2.72,4968375,2250,0
3.61,3025660,4717,0
3.46,4460243,1932,0
5.65,4061344,159,1
2.51,598206,4926,0
5.64,5201432,197,1
2.76,931759,3031,0
3.17,2415139,1386,0
7.45,3532854,61,1
4.16,1494138,1324,0
7.39,5122580,113,1
4.12,2452553,2269,0
3.43,1139022,1456,0
6.07,5156168,185,1
2.92,4638876,831,0
7.79,4135815,107,1
6.71,3262824,120,1
7.68,3224488,177,1
4.08,515606,1116,0
6.04,4681894,116,1
7.87,1358443,54,1
7.45,549225,144,1
4.32,1749350,2613,0
7.94,4879068,64,1
4.19,2317565,3013,0
2.82,2620761,819,0
6.85,6990190,92,1
6.75,3571590,155,1
4.2,251063,1492,0
2.92,3900367,1835,0
7.11,8071594,55,1
7.27,7994271,42,1
3.31,1875590,2878,0
6.35,5873308,131,1
3.35,2103441,1245,0
7.38,3947524,144,1
7.73,7997215,162,1
2.82,748866,2790,0
3.67,3636642,4136,0
6.37,2060768,72,1
2.58,1045709,3840,0
4.47,4746794,1123,0
2.7,3200126,3753,0
5.58,4741748,63,1
2.74,2281119,869,0
3.3,3217883,3660,0
5.82,7158620,34,1
6.47,5768953,81,1
7.81,9477699,86,1
7.71,8742956,163,1
3.12,1497740,1670,0
6.24,2352122,165,1
6.48,6189851,28,1
7.06,5333036,102,1
7.49,5927894,121,1
6.48,4119036,117,1
7.72,5369636,179,1
6.62,130154,80,1
4.0,3164069,4574,0
6.08,6286916,134,1
3.36,3133392,3250,0
6.89,1521012,46,1
2.99,3511952,4312,0
7.11,5927205,28,1
4.39,4490536,4554,0
5.63,1893690,21,1
2.69,3512928,3424,0
6.16,3897839,159,1
3.53,1700912,589,0
3.8,3946557,4549,0
6.06,262295,131,1
4.44,3274011,4365,0
2.93,1432811,957,0
5.76,1033795,30,1
3.36,4403980,1052,0
2.95,4919150,1546,0
4.49,2033090,669,0
6.73,1242769,95,1
5.92,5313475,81,1
2.83,3168133,3982,0
5.97,2719470,187,1
3.49,1161743,3994,0
6.92,9212779,169,1
4.46,3034922,2320,0
6.03,3069751,23,1
5.8,2507526,40,1
5.89,6021703,177,1
3.13,1159450,4291,0
2.62,3279350,1220,0
5.55,3515058,88,1
6.28,874108,29,1
6.87,1880271,53,1
6.95,3203409,183,1
6.37,4413197,69,1
7.88,7756394,77,1
3.82,576984,308,0
2.78,2743131,3265,0
6.63,6313325,130,1
4.1,2487134,4527,0
4.44,563791,1304,0
2.63,1403503,1371,0
4.01,274656,2547,0
4.12,4627149,3117,0
5.6,5250626,92,1
7.04,579647,58,1
7.19,6243969,139,1
6.89,586910,27,1
2.52,4408699,1643,0
3.98,1312291,1843,0
7.56,364594,71,1
7.03,5438302,167,1
7.25,2614392,178,1
3.52,914345,2631,0
5.76,2893074,106,1
5.7,308013,181,1
6.0,6834010,192,1
6.08,8066626,80,1
2.99,3058008,3907,0
2.71,3253841,3045,0
2.69,3422996,1028,0
6.15,3841708,28,1
3.13,4493087,1487,0
3.91,4580801,1079,0
6.95,3258120,149,1
4.4,2893190,4272,0
5.69,1382508,195,1
3.57,1535440,418,0
5.81,2886386,46,1
7.57,6516817,84,1
4.02,4840644,783,0
6.49,3928118,64,1
5.62,6571397,87,1
3.72,4872528,4150,0
5.62,3185201,38,1
6.48,2043123,114,1
4.4,2668846,4890,0
7.84,7804826,128,1
3.22,2587276,2580,0
7.58,7816103,22,1
6.66,7636580,172,1
3.47,4841355,3582,0
3.82,816852,4206,0
6.34,3930667,163,1
5.8,4772583,129,1
6.09,543531,36,1
7.35,6426106,72,1
6.07,4382666,157,1
5.68,8031680,49,1
5.95,9230674,133,1
3.95,3352794,2973,0
5.8,7730878,148,1
2.65,2156906,3230,0
4.27,3941113,4055,0
7.07,6098339,190,1
5.8,513308,125,1
3.07,741560,2550,0
4.36,3947799,2196,0
6.26,8174937,190,1
7.66,8084105,51,1
6.07,7342215,148,1
6.46,8861919,185,1
6.73,3775943,139,1
3.82,4636569,811,0
2.95,4036754,2936,0
6.99,1221676,150,1
3.32,2375131,3429,0
7.98,7238210,24,1
4.37,38190,3775,0
3.06,1656716,4051,0
3.08,3759144,4380,0
2.78,1817443,1904,0
7.72,3606347,135,1
3.86,1028632,1082,0
3.08,3274141,2203,0
7.3,978327,41,1
2.8,920635,1929,0
4.17,1360332,1067,0
6.13,5462695,199,1
4.48,4764454,4969,0
3.99,1442782,2317,0
7.19,1798677,84,1
7.95,7898162,32,1
6.29,1673385,134,1
3.41,1289909,2681,0
7.25,3786206,188,1
6.2,4134549,113,1
6.69,6942214,117,1
6.39,1508872,43,1
7.95,5111532,45,1
6.02,3489994,28,1
6.52,7061027,80,1
7.72,4532301,96,1
3.89,1676420,4325,0
4.16,4022367,3353,0
3.27,1963454,4668,0
6.43,1138048,148,1
7.56,7154058,70,1
6.33,5965819,173,1
7.12,6149906,142,1
7.8,8001346,168,1
3.21,2224754,672,0
3.81,4860578,2418,0
7.64,6000492,138,1
6.26,9340188,162,1
2.79,3755612,1790,0
2.61,2424901,4007,0
7.24,2132154,66,1
6.24,893651,131,1
6.91,785002,77,1
7.01,7710389,82,1
7.31,9766022,185,1
7.57,936005,49,1
3.02,1387531,2015,0
3.53,4817380,1701,0
6.6,6911840,184,1
7.7,658938,79,1
6.51,3758647,63,1
6.99,7071422,188,1
3.54,4444559,4690,0
3.69,2964089,3749,0
7.54,6989458,72,1
3.34,2418682,3576,0
2.83,3841029,4681,0
3.49,2189333,4280,0
7.79,2523382,29,1
7.54,5084990,108,1
7.07,6013405,104,1
3.45,2831773,2803,0
6.98,2521785,30,1
3.88,2497491,2412,0
7.45,2672971,103,1
7.81,6663321,47,1
6.76,462363,80,1
6.55,2474872,27,1
2.84,584407,4942,0
3.45,4876258,2673,0
7.82,4618103,185,1
3.6,3243079,432,0
2.85,1796602,595,0
6.49,2492200,60,1
6.43,6076311,165,1
6.04,5541484,102,1
7.45,2363116,93,1
7.27,1495797,146,1
7.32,8855415,184,1
7.49,2507174,35,1
5.9,3886681,185,1
7.21,8825279,192,1
5.56,5069527,99,1
6.28,6295838,141,1
4.36,1631906,1008,0
3.64,2559865,3416,0
3.37,2978985,2605,0
5.94,644813,179,1
2.87,547088,3641,0
3.95,3636451,363,0
3.89,4811287,208,0
7.34,963961,36,1
6.87,1523996,109,1
6.37,7192881,180,1
3.81,2833821,1317,0
3.87,2777442,3739,0
4.31,315122,2141,0
7.93,1568410,100,1
3.59,3569842,3571,0
3.82,4788003,402,0
7.51,2633138,106,1
3.66,2109196,3928,0
5.73,8710736,116,1
7.13,3858224,25,1
4.25,802693,452,0
6.45,9874948,98,1
6.5,1281677,142,1
7.85,1504200,45,1
7.46,8785005,178,1
5.89,4482050,79,1
5.68,921118,102,1
4.05,1920738,480,0
5.87,389865,63,1
2.53,125296,3199,0
4.37,4211011,3636,0
6.4,6216342,198,1
2.97,3937163,114,0
3.17,1829995,878,0
5.67,8569464,199,1
7.57,5749934,180,1
3.82,402057,4365,0
7.45,7201776,47,1
2.77,1426369,2246,0
5.79,5584303,71,1
5.96,3317044,84,1
7.78,1483888,123,1
6.71,2507699,90,1
6.06,7312364,142,1
7.82,9400741,165,1
7.36,8359376,192,1
2.81,2948078,3823,0
5.94,9201021,138,1
4.36,3386814,1523,0
3.56,2911892,262,0
2.72,1411284,1410,0
3.58,683406,3797,0
5.73,846367,185,1
4.32,473320,495,0
3.88,3861119,1859,0
3.64,1231262,2206,0
3.2,2902032,4908,0
7.2,7239645,177,1
4.22,2563669,1608,0
2.6,2626681,1111,0
2.66,2703371,1578,0
6.21,1104494,21,1
2.87,4417409,3151,0
4.16,793754,3359,0
7.24,4416597,76,1
6.34,1835014,65,1
4.48,4742250,2902,0
4.35,769641,4711,0
4.49,2895262,1364,0
7.59,4831244,56,1
3.87,1302693,4129,0
3.77,4969058,4116,0
6.88,208034,99,1
7.24,691154,163,1
7.17,3854269,134,1
4.32,1144520,321,0
7.97,6534187,30,1
4.38,3307541,699,0
6.79,1187476,25,1
7.96,6223805,62,1
2.57,3390736,2285,0
7.63,5922806,155,1
4.49,1051174,735,0
5.72,6824266,35,1
3.15,2379482,4207,0
3.18,2084652,2233,0
5.99,7608819,36,1
5.77,2679366,191,1
6.37,1017719,67,1
6.06,1423439,141,1
4.49,4083692,1316,0
6.12,6920551,104,1
7.85,7259945,155,1
6.12,8518408,32,1
4.12,4812329,4043,0
3.89,3862289,3175,0
3.46,980556,2975,0
6.0,8806937,161,1
6.36,6980650,164,1
4.18,708553,4109,0
6.13,5714807,84,1
7.17,5314024,115,1
4.38,4193358,1201,0
5.65,7694006,82,1
6.54,4123971,174,1
7.82,8807614,37,1
3.14,3108684,1837,0
6.17,4468033,159,1
4.49,538230,1950,0
6.75,3730875,94,1
7.17,107923,42,1
6.79,8663642,100,1
2.72,3094501,1068,0
3.41,4912902,4906,0
2.69,1591473,984,0
6.22,9261594,193,1
6.59,2849760,144,1
6.66,6883281,76,1
6.2,6517694,160,1
6.52,5352665,118,1
3.95,3281021,1656,0
4.39,4250177,259,0
5.74,788587,65,1
4.39,3581985,1254,0
7.39,2591568,120,1
2.63,324699,381,0
4.2,492139,1443,0
5.83,8960972,153,1
7.94,6417553,183,1
3.75,2882777,1610,0
5.76,7811797,198,1
7.68,9670352,55,1
5.63,6545498,181,1
3.78,3962002,3787,0
2.53,657144,1315,0
3.83,770280,2564,0
3.01,117382,1092,0
7.3,2570131,86,1
4.02,4958536,1754,0
6.34,2630506,170,1
7.03,694216,188,1
7.27,738722,98,1
2.9,3534679,3360,0
5.53,6508051,177,1
7.21,8187594,181,1
3.79,2846541,2208,0
5.51,8182813,92,1
4.19,3675698,793,0
3.34,1814171,4320,0
6.59,8829276,122,1
5.88,2921148,96,1
4.03,2693537,2844,0
4.42,3273807,673,0
3.0,4544792,3519,0
6.33,1907954,75,1
2.72,2935658,3636,0
4.26,2460542,3806,0
6.87,9173021,164,1
7.12,3888150,80,1
7.96,9029433,171,1
6.57,3665783,86,1
4.18,2473554,3497,0
6.5,5531357,134,1
7.02,5667344,91,1
3.83,3609632,4242,0
4.21,4640483,1599,0
6.86,4375570,65,1
4.31,98348,2847,0
3.42,3073119,785,0
3.39,4940243,2817,0
5.88,4788631,73,1
3.99,4562942,2516,0
6.81,4727941,102,1
4.28,3218178,2102,0
5.98,5384578,123,1
4.08,2387808,4667,0
5.64,2129118,81,1
2.65,3029516,705,0
6.98,6286695,43,1
7.61,3558858,51,1
2.51,3420434,1495,0
7.57,7953648,40,1
6.48,4657019,84,1
2.75,524162,3935,0
5.86,8037465,84,1
7.29,7505724,161,1
2.68,974828,4797,0
4.2,2715525,586,0
3.23,1852549,1682,0
4.38,4802544,1963,0
7.61,5870415,159,1
6.0,8644640,53,1
4.18,134793,4881,0
3.07,2243081,1298,0
6.81,1615868,44,1
7.46,6649078,176,1
7.38,7329128,61,1
5.92,1688068,127,1
2.67,1592857,4933,0
6.62,4851546,172,1
3.66,4178873,3153,0
2.81,675312,2524,0
6.54,8479688,94,1
6.85,4913679,95,1
4.04,1798497,300,0
6.63,5447959,177,1
2.7,1262732,2505,0
5.68,3577436,193,1
3.7,309625,3921,0
6.53,8768195,120,1
4.24,697659,1552,0
3.04,3386168,3341,0
2.84,3085597,2040,0
6.96,2806809,62,1
5.71,5811388,157,1
7.59,2420590,39,1
6.61,3634990,51,1
7.44,699739,31,1
3.14,2782691,246,0
6.95,102140,57,1
3.97,3446201,4435,0
6.42,1462423,23,1
4.17,4597845,4764,0
6.3,2941440,177,1
2.99,4948302,4182,0
6.32,8871989,59,1
4.42,1979858,2785,0
2.72,3214830,4178,0
5.94,2941393,157,1
2.87,4119895,2547,0
2.54,2343849,3301,0
7.52,7966252,111,1
5.6,3310672,54,1
6.37,759899,156,1
5.68,7364553,108,1
3.49,58354,875,0
7.83,2033614,75,1
7.94,3553881,36,1
6.2,2626874,172,1
7.33,2112489,80,1
7.57,7758851,53,1
2.62,3493261,2975,0
2.81,4264031,1813,0
3.31,3819238,3101,0
6.1,499478,139,1
4.48,4742162,2766,0
4.11,2361557,2160,0
6.31,8092837,156,1
4.1,4866565,1271,0
3.01,4830288,1915,0
6.17,2458919,157,1
7.23,5733686,134,1
3.66,2103665,3593,0
5.75,7209333,187,1
7.87,9920292,80,1
7.86,427892,140,1
2.69,666416,2635,0
4.24,1688592,1492,0
3.93,901758,3706,0
6.13,5321409,110,1
3.68,1020832,392,0
5.8,2448262,197,1
6.62,8345174,107,1
5.97,4463101,150,1
3.89,4824294,2103,0
4.08,1408781,4827,0
6.55,3299131,118,1
4.16,1731565,2781,0
2.74,3846413,4692,0
3.25,1723202,3402,0
4.48,4366589,2802,0
7.21,3588601,188,1
2.71,54376,1315,0
2.9,2863869,4601,0
5.96,1395074,63,1
3.4,562031,3168,0
3.07,2452351,946,0
2.84,2679288,3898,0
3.18,4471625,1364,0
3.34,1977077,3386,0
4.13,2762368,393,0
6.95,8343739,34,1
3.11,2509718,916,0
7.52,4801590,162,1
3.93,1375638,4866,0
3.65,2586301,4447,0
2.85,3085004,2495,0
3.51,1022902,2111,0
7.41,3871718,84,1
7.27,9366184,198,1
5.57,9770418,149,1
7.09,4969417,97,1
7.52,8126657,69,1
6.7,8917302,191,1
7.22,4690183,125,1
5.71,5229533,86,1
6.8,9571581,81,1
7.25,4339073,40,1
5.76,7786077,136,1
2.73,224323,3513,0
2.7,1513762,4042,0
2.6,3659236,4823,0
2.55,2644379,669,0
3.33,1916766,2280,0
6.04,5087354,53,1
3.17,1509158,1546,0
3.42,1731989,3233,0
6.82,1465067,85,1
6.97,6816159,198,1
2.7,293879,2383,0
4.27,2898095,3372,0
3.38,4563570,1637,0
3.72,652500,1630,0
5.85,9158342,128,1
3.27,759098,4558,0
5.86,9360385,57,1
2.63,2490017,3126,0
2.62,1577572,3845,0
3.94,1592964,1474,0
2.88,1949189,1931,0
2.87,537388,1541,0
5.83,7638816,193,1
3.07,1699607,658,0
7.32,2577820,124,1
6.09,9933822,99,1
4.42,4571991,4386,0
3.03,1019486,3376,0
4.26,4702631,3878,0
6.45,7019812,129,1
3.37,2959685,3056,0
3.41,4629105,2541,0
7.87,1980548,91,1
4.04,1894294,1196,0
6.28,2390427,129,1
6.59,5899938,190,1
4.08,2049402,3228,0
7.63,5389561,158,1
3.9,2029931,3916,0
3.74,680436,4029,0
2.61,2587882,1042,0
5.76,3043907,39,1
6.02,8904019,129,1
7.28,6673068,39,1
4.38,1379445,2226,0
3.47,1027426,731,0
3.6,2039722,3454,0
6.23,8315357,50,1
5.67,5742673,125,1
7.24,9215338,169,1
6.91,2273532,149,1
4.11,3869941,2110,0
2.78,2011823,3515,0
2.74,3662360,617,0
7.57,7906450,134,1
4.33,1367069,1134,0
5.64,5751514,102,1
7.15,1756538,41,1
6.8,2759586,98,1
4.09,874620,859,0
2.66,626128,4292,0
6.3,1425461,145,1
3.08,59422,2001,0
4.19,4076536,1431,0
6.28,9419755,140,1
6.87,7733887,46,1
7.73,1830083,118,1
2.63,1929447,1854,0
5.98,1412131,171,1
5.83,1526024,148,1
3.76,3393599,1524,0
5.87,1609156,188,1
2.85,2307976,239,0
2.55,1993847,496,0
5.56,795516,92,1
2.96,4671321,627,0
2.94,851888,1417,0
4.0,4006124,3915,0
3.83,4170710,2204,0
3.9,230457,758,0
7.69,7619763,21,1
3.94,3341454,2755,0
6.31,6819565,172,1
3.65,2540901,4354,0
7.3,4395032,31,1
2.89,2127562,1955,0
6.74,9197031,95,1
3.51,1928639,4242,0
5.59,7935476,66,1
4.19,1759383,403,0
3.46,3263768,1543,0
3.35,4236977,2964,0
2.83,2886529,1571,0
4.02,1463133,627,0
6.53,5046769,59,1
3.94,2966498,3317,0
5.58,3012980,183,1
5.68,5268736,127,1
7.16,9341633,131,1
2.97,3412230,271,0
5.63,7042132,101,1
5.96,7793105,146,1
6.32,5178295,183,1
2.93,4531881,2359,0
6.57,3858989,140,1
3.85,4091706,4702,0
4.3,269836,461,0
7.8,5855708,111,1
6.68,5944017,120,1
4.26,1909800,104,0
6.3,6598877,183,1
3.97,3255997,223,0
3.49,3797588,4322,0
7.14,1655672,153,1
6.95,4846787,186,1
6.67,3864004,153,1
2.95,2494211,1762,0
3.65,2705839,1048,0
7.42,9730952,193,1
4.18,3278778,1543,0
7.96,2308065,152,1
2.79,2192840,3344,0
5.57,4129103,54,1
5.89,3480241,115,1
4.17,2906423,4774,0
2.81,1461599,1561,0
7.74,3355193,107,1
3.07,1707192,3952,0
7.14,8214067,145,1
4.21,2233934,3737,0
5.9,3616240,140,1
5.82,7429189,158,1
5.54,1232775,84,1
6.72,646172,106,1
4.11,3753178,3681,0
5.5,7293252,139,1
7.99,155765,142,1
7.22,9389497,119,1
7.86,932636,99,1
6.03,7402011,166,1
2.74,1376436,4842,0
6.38,252586,130,1
3.13,4174454,1686,0
3.74,633053,186,0
3.85,2533115,2257,0
6.67,6163440,69,1
3.22,3896942,145,0
5.74,6194249,78,1
3.72,4070144,3775,0
6.27,2417209,142,1
6.46,6719971,25,1
7.61,4945684,149,1
6.32,848659,44,1
4.11,919902,1372,0
7.85,9783639,97,1
5.57,6301208,47,1
2.73,234220,3765,0
3.9,392009,3436,0
2.68,4992659,3064,0
6.15,2872871,84,1
6.61,4440118,32,1
3.55,114111,979,0
3.43,4701979,765,0
6.53,6100653,32,1
3.04,3376430,2875,0
2.69,992888,4421,0
6.02,5473257,137,1
3.86,1810653,3676,0
2.99,1190455,1308,0
3.41,4262830,4129,0
4.49,4916274,3072,0
3.48,2137930,735,0
7.71,5291794,106,1
2.85,2741390,4613,0
6.16,2139159,34,1
7.68,1278946,190,1
3.68,3501022,4198,0
2.98,1409956,3463,0
2.65,4555683,2092,0
5.94,6932631,109,1
5.57,5942879,31,1
3.57,1145819,343,0
7.89,5698767,93,1
4.25,3404641,1650,0
6.27,5678799,125,1
3.33,2857496,3328,0
5.59,2149576,86,1
6.52,8494644,60,1
7.62,7632579,108,1
6.44,1751261,148,1
5.68,4706076,131,1
3.01,4986383,1698,0
7.96,7034349,194,1
4.45,4413518,4442,0
6.4,8006799,135,1
2.79,1014094,3988,0
6.54,161134,85,1
7.63,4621062,98,1
7.89,1265394,121,1
4.44,2825316,4363,0
4.33,2998436,1474,0
3.98,755122,4767,0
4.3,3512056,128,0
2.83,1173396,3520,0
3.17,1577398,3831,0
6.92,3975959,65,1
4.29,1624300,745,0
7.61,9586404,187,1
5.98,7592495,98,1
3.63,384876,1626,0
3.88,3522593,1988,0
6.54,6105390,160,1
7.2,6436187,94,1
7.79,1552645,140,1
2.62,441686,954,0
5.54,6087424,98,1
3.39,3987057,1926,0
4.49,1265014,2555,0
6.6,8337961,88,1
6.46,8613675,108,1
6.07,7324654,187,1
4.37,1431651,2448,0
7.77,3810698,53,1
4.23,4433625,1948,0
6.53,7714036,180,1
2.62,2618888,2367,0
6.06,4837233,164,1
3.64,2569856,4051,0
5.54,4505170,125,1
3.17,4146615,3898,0
6.92,2108422,75,1
6.01,7912781,66,1
7.66,5213471,112,1
5.57,3924028,158,1
3.51,3658020,4182,0
2.63,1647695,509,0
3.66,19373,2389,0
3.65,2376134,940,0
5.55,1845657,82,1
6.0,1434500,34,1
7.62,5668798,123,1
3.04,1935748,3800,0
3.62,3404151,2520,0
2.84,553400,4231,0
7.98,9569135,69,1
6.77,9469041,164,1
6.65,3004394,59,1
5.74,8259279,182,1
3.87,2681769,1773,0
7.46,5146151,67,1
6.04,6886225,185,1
5.51,6244884,167,1
7.81,7149655,111,1
3.52,331490,1270,0
7.27,6056533,23,1
2.6,2817508,4530,0
7.3,9760066,87,1
6.05,8195230,162,1
3.61,2050839,3060,0
6.53,5678290,137,1
4.29,3580552,1577,0
4.44,414578,1352,0
3.82,3756926,4231,0
7.76,6641267,72,1
7.15,2704515,146,1
2.72,1042564,4265,0
3.47,2065431,4394,0
6.38,5628471,75,1
5.94,7374136,105,1
3.33,2459928,3539,0
3.55,422862,2697,0
3.36,2983299,4747,0
6.71,2660091,76,1
6.04,2504966,88,1
2.97,4699540,2667,0
3.78,455122,4566,0
6.95,2678353,158,1
7.69,2535954,178,1
6.14,1199056,157,1
6.11,6394980,120,1
3.44,2304090,3584,0
7.25,2233722,164,1
3.16,3583567,4326,0
3.36,4985799,1924,0
5.63,928855,52,1
6.51,7580077,45,1
6.63,8312345,47,1
6.86,339096,48,1
6.37,9273893,187,1
6.85,871971,149,1
3.2,1678041,1626,0
7.96,395649,177,1
7.41,1872055,66,1
7.15,4079593,82,1
7.57,3333084,28,1
3.38,766417,630,0
5.54,9464834,35,1
7.01,6225718,132,1
3.18,459610,2912,0
6.96,406104,30,1
2.98,1084247,4887,0
7.02,6043734,88,1
3.55,2101764,3214,0
3.21,1664077,4079,0
7.85,3509299,68,1
7.76,8526566,155,1
5.67,5434783,157,1
6.62,389261,143,1
5.63,5798583,192,1
5.85,6455314,22,1
5.86,6346687,88,1
2.6,2884149,2031,0
3.78,3987323,4722,0
6.0,9239435,84,1
3.91,2265910,1045,0
7.58,2822491,75,1
3.87,320112,4577,0
5.94,4708134,133,1
6.45,3491191,66,1
2.79,1834358,2062,0
2.89,3053460,368,0
6.63,1586206,67,1
7.82,3488547,31,1
7.63,5959892,181,1
6.55,3107654,164,1
7.81,1741366,136,1
2.69,1824997,4378,0
5.53,1676845,61,1
5.63,8420816,57,1
4.19,3737134,1207,0
3.59,3300804,3770,0
7.17,967022,91,1
3.33,4014839,1230,0
6.42,5804737,77,1
6.83,558018,177,1
3.63,4284661,1218,0
6.45,614389,156,1
5.54,4107759,146,1
3.06,1640454,2406,0
4.26,4779926,969,0
6.44,2921895,47,1
4.0,1091303,343,0
4.22,2843228,3180,0
7.64,2393329,199,1
6.14,4458398,199,1
6.95,9199664,133,1
5.74,6923514,22,1
4.46,1288325,3621,0
4.08,123534,3896,0
6.49,622808,158,1
6.74,647519,143,1
4.29,4039873,309,0
3.15,2999500,437,0
2.67,922699,1415,0
6.22,9181660,198,1
3.98,1940166,1980,0
7.75,781863,41,1
7.59,5626606,109,1
3.93,3254388,3165,0
4.37,4693541,1188,0
4.17,1918214,751,0
2.63,716702,164,0
2.74,3465349,1591,0
6.99,5375400,96,1
7.8,9757948,179,1
2.99,4951733,4255,0
7.9,5224055,151,1
6.64,3142543,135,1
3.14,4694075,4548,0
6.65,6797128,157,1
6.12,7561047,147,1
3.8,3735450,1615,0
6.22,6821270,173,1
6.22,8856707,68,1
6.2,8797005,193,1
2.8,2537892,4236,0
6.6,8545257,155,1
6.86,7384722,35,1
3.61,3846197,953,0
2.63,1861879,4408,0
4.16,4278032,3559,0
7.2,5157953,192,1
3.44,1542602,453,0
4.34,804135,2443,0
2.79,2425871,4166,0
3.56,3554668,129,0
6.03,7670869,136,1
4.25,2784103,1062,0
3.21,4962292,4272,0
4.38,439283,2518,0
7.23,105891,112,1
4.39,2614307,4401,0
2.94,906391,116,0
5.78,9511233,191,1
3.54,4531914,4525,0
3.09,2658423,4076,0
2.81,531261,1828,0
6.45,8289583,78,1
7.52,1258661,29,1
3.08,3095419,2596,0
4.27,714729,2778,0
3.73,2734089,4600,0
7.08,894230,25,1
7.75,9841535,161,1
3.89,3537342,4146,0
2.78,3180990,4965,0
3.14,2467405,1124,0
6.05,485050,59,1
6.33,3212648,126,1
7.18,8561123,183,1
3.25,330529,2872,0
6.45,8744867,185,1
3.57,4586971,3306,0
7.21,1806239,33,1
7.48,9654357,113,1
6.48,726148,145,1
6.78,2158972,89,1
6.46,4335166,118,1
6.21,7840535,73,1
6.23,3635282,164,1
3.27,138087,4522,0
5.58,9640559,67,1
4.43,301811,4568,0
2.98,1242469,3419,0
7.49,2908245,27,1
3.39,3036708,3755,0
7.54,1124397,148,1
4.35,1102070,2585,0
2.67,1565812,4928,0
3.44,2018344,1058,0
6.27,2459279,47,1
5.54,7616471,164,1
3.26,2395761,523,0
6.46,9687643,131,1
2.93,4732089,3304,0
3.15,54225,3943,0
3.52,3653650,1632,0
7.94,1517554,109,1
4.15,4138077,2088,0
7.68,8882767,110,1
7.8,2282640,61,1
7.69,4402539,46,1
2.81,1708820,3540,0
7.96,9764328,146,1
3.45,830512,2487,0
4.16,359476,4820,0
3.18,661408,3595,0
5.96,2591486,41,1
3.45,3388491,3978,0
3.54,4793233,769,0
4.05,1914119,4864,0
3.54,3723423,4205,0
3.44,2205288,568,0
4.35,2266342,4814,0
3.71,3243779,3695,0
5.91,6600238,126,1
5.94,9870109,75,1
2.81,3383967,4663,0
4.15,2000489,1405,0
7.31,2743463,175,1
6.98,6706210,97,1
7.31,9645607,136,1
3.1,1983581,3519,0
3.36,2283161,154,0
6.61,5774578,140,1
7.93,7872232,88,1
6.26,9067984,65,1
6.38,6390498,74,1
4.48,4696561,1721,0
3.53,3713882,112,0
4.36,1963485,880,0
2.69,4426202,683,0
3.33,4160270,3966,0
6.98,4058945,198,1
5.72,3147416,26,1
6.63,721794,34,1
2.71,3939889,3583,0
7.57,9460481,63,1
3.18,3617552,688,0
7.74,8738350,128,1
3.63,2127922,4940,0
2.61,3774617,3470,0
3.37,117880,3032,0
5.96,4357005,108,1
5.59,9354717,71,1
6.97,9037157,132,1
6.04,8529767,96,1
2.74,1857039,807,0
7.17,6634728,20,1
4.38,767809,891,0
6.87,381487,105,1
7.37,4189503,82,1
7.76,2420230,87,1
4.2,470055,2177,0
5.81,8610445,162,1
2.63,3576228,1848,0
7.62,5058139,176,1
3.67,1915240,1892,0
7.57,8636046,108,1
4.23,2017386,2843,0
3.62,3152625,1155,0
7.92,7937707,54,1
6.72,572194,174,1
7.22,7062941,101,1
6.31,6411669,81,1
2.82,4342065,4004,0
6.72,4816431,80,1
5.72,6256577,116,1
7.94,3851576,104,1
6.88,4522784,193,1
7.91,3712750,179,1
3.24,4206321,1956,0
2.81,83318,3487,0
7.78,4959546,82,1
3.14,2862683,479,0
6.27,4279755,121,1
7.74,8401252,173,1
6.58,2113547,197,1
5.62,3486908,152,1
4.48,535432,1337,0
7.74,2573750,197,1
2.74,951974,3759,0
3.96,2187825,1322,0
3.84,2993388,1980,0
4.1,4234129,3765,0
4.32,2014255,891,0
3.55,3710383,1760,0
3.22,2461729,637,0
7.7,3363166,139,1
7.6,4528032,196,1
6.64,2469919,114,1
3.59,688732,3388,0
3.64,2570662,2480,0
2.64,3594925,2330,0
7.88,988284,96,1
5.73,7685784,145,1
6.41,8147321,89,1
6.21,3154564,177,1
7.81,6543422,129,1
6.8,5745992,191,1
6.14,5370845,178,1
6.23,5851635,167,1
5.78,5119404,47,1
5.76,2349171,174,1
3.43,3355442,4772,0
3.66,1888429,4990,0
4.2,3759408,4672,0
3.09,2984510,4238,0
2.71,3440104,3104,0
2.66,4166919,2989,0
3.72,4468233,3374,0
5.71,103303,49,1
5.71,2519333,194,1
3.62,2703338,1576,0
3.68,2830627,1729,0
6.4,2053141,145,1
4.16,2984739,771,0
7.06,235900,64,1
3.46,2118021,3494,0
6.66,5869752,189,1
7.55,4433245,81,1
5.76,5802437,109,1
3.67,1963496,777,0
6.99,4187900,30,1
6.57,417411,174,1
4.09,3518316,4658,0
7.12,5163076,175,1
6.46,1611677,104,1
4.11,52219,3114,0
7.99,7692976,76,1
7.25,6787893,182,1
4.14,915885,2394,0
2.97,2707885,4084,0
6.08,1603810,190,1
3.44,4206657,3359,0
3.35,983265,120,0
3.07,4511576,4080,0
3.41,3428785,640,0
2.97,1906955,4415,0
6.42,5429126,76,1
7.3,7193804,159,1
6.26,9596949,129,1
6.9,1357127,197,1
2.87,433370,352,0
7.44,1104084,162,1
2.78,270667,1042,0
5.71,5913641,22,1
6.53,3964090,179,1
2.7,3194078,4500,0
7.39,4839706,95,1
2.89,3053496,989,0
7.78,1754981,164,1
2.66,482596,2313,0
3.78,180343,257,0
4.13,3324115,760,0
6.61,9757953,191,1
2.7,892006,4383,0
5.93,4267206,119,1
5.64,2941428,199,1
3.42,3428341,3173,0
6.6,9767882,118,1
3.23,2277031,1800,0
2.64,2984245,4118,0
5.53,4547375,185,1
2.97,2808253,2643,0
3.83,4632147,1560,0
5.98,5805148,174,1
4.38,521866,4616,0
4.24,957611,1639,0
2.66,1067382,2026,0
3.34,4757190,1880,0
6.6,6390278,85,1
6.45,8765060,135,1
7.6,4417367,155,1
4.39,4031119,4123,0
4.13,1364368,3986,0
7.17,2805613,21,1
3.95,3747989,2444,0
3.21,3630717,4571,0
4.41,1978757,4572,0
7.63,2297053,109,1
7.74,8929429,145,1
3.68,2938728,4359,0
3.78,749257,3729,0
4.01,4000553,1945,0
2.51,1947933,4988,0
7.79,5207704,107,1
7.81,5274092,31,1
7.64,5882246,25,1
5.7,2727646,96,1
3.34,4845004,3437,0
3.27,1239248,1800,0
4.22,4568072,385,0
6.47,4407513,60,1
5.77,7028871,197,1
7.06,2551528,186,1
6.36,4396329,116,1
6.83,8560290,172,1
6.64,9571901,182,1
3.47,1844953,2541,0
5.57,8307294,47,1
5.81,6661401,67,1
3.44,3226967,4653,0
6.54,6805881,103,1
6.89,4398955,194,1
7.43,6221341,78,1
6.96,7257826,78,1
3.17,4758740,2970,0
4.02,3408959,3316,0
7.86,150201,84,1
5.68,7379801,187,1
4.28,4749109,2098,0
7.29,8973620,185,1
4.0,2938108,3526,0
6.97,5015167,76,1
7.98,7394024,138,1
6.2,6354578,103,1
6.09,3283695,59,1
7.01,8884138,100,1
4.01,2897761,2216,0
2.89,2636520,3714,0
5.51,295035,81,1
7.97,4825489,65,1
3.79,4357155,939,0
4.29,99218,388,0
4.41,752211,4937,0
7.99,6307448,136,1
6.86,5509232,165,1
3.58,2422870,323,0
4.14,2973007,737,0
5.88,7821216,107,1
3.53,1472390,3077,0
7.71,9971662,53,1
4.34,1196562,3510,0
6.66,8133568,170,1
6.7,5924437,52,1
7.02,4139699,111,1
4.28,4346021,2029,0
6.46,3627709,193,1
2.7,2599390,4410,0
6.36,5491216,174,1
3.66,851753,1390,0
2.62,4765281,3424,0
7.31,3580006,72,1
3.72,297564,327,0
6.54,8792837,50,1
2.86,1129316,4878,0
3.33,4782895,3849,0
3.13,646489,1863,0
3.3,693419,1053,0
6.82,5352646,171,1
2.61,2276790,2919,0
3.79,4624578,3495,0
6.59,4836517,161,1
6.75,8338300,189,1
5.81,2632786,163,1
2.61,3186550,2594,0
3.79,4880100,1013,0
7.35,2298702,72,1
3.76,2835368,4363,0
3.87,2271922,400,0
7.62,4802000,154,1
7.07,9852396,41,1
3.5,1388505,4720,0
7.74,6761904,169,1
3.44,641869,2982,0
6.13,1437147,75,1
7.23,2197385,110,1
6.33,3638871,125,1
4.13,3234873,4640,0
6.06,3140412,103,1
3.3,3660707,2598,0
4.01,1452487,3450,0
3.97,2915538,1551,0
7.04,8418352,28,1
5.93,9460970,60,1
5.56,7390049,69,1
5.74,6170738,184,1
7.39,7099145,179,1
4.41,4636959,951,0
7.25,4140114,30,1
6.12,9003617,91,1
7.73,8759222,54,1
6.36,180538,65,1
3.02,1594669,1404,0
2.75,3982721,4448,0
3.8,3992200,1356,0
2.92,1811406,2622,0
3.24,4971672,932,0
2.56,4170180,1932,0
7.43,5110766,45,1
3.83,1164847,3359,0
7.36,7349386,147,1
6.21,2876751,194,1
4.43,1806375,4965,0
3.02,2585084,563,0
7.63,3985127,188,1
7.6,8756212,20,1
7.84,1510236,114,1
6.36,1998103,164,1
2.97,1998819,673,0
7.72,8719633,30,1
7.54,4164677,152,1
2.97,2002385,463,0
4.4,1817061,2293,0
3.08,3493718,1921,0
6.13,8454267,137,1
4.44,910268,2878,0
2.78,1742835,2966,0
7.87,2107707,176,1
7.08,2965208,128,1
6.65,2723581,168,1
3.1,3830151,3408,0
2.76,1149307,4195,0
2.95,3539326,3824,0
6.95,2436742,199,1
5.61,7615076,164,1
3.46,1690125,4805,0
2.88,274233,3523,0
6.55,761221,52,1
2.57,4397457,3736,0
7.29,5915544,98,1
4.19,118012,4385,0
2.62,982980,815,0
3.08,1976018,2527,0
3.18,52979,1392,0
3.33,3983166,2779,0
4.33,1919207,3621,0
7.94,198137,50,1
2.91,1267344,1924,0
7.06,484707,41,1
4.49,2776312,446,0
4.5,3178204,2354,0
6.07,6871503,155,1
5.67,876886,58,1
4.34,2665156,4036,0
7.48,1177504,101,1
3.24,4489484,849,0
6.92,1726308,64,1
4.17,3440683,4658,0
7.35,4797416,96,1
6.99,8593742,29,1
4.17,2270812,2462,0
3.74,1303482,3515,0
7.99,5050074,55,1
6.8,7377483,25,1
3.33,4874788,2403,0
6.68,1487591,39,1
4.12,3872713,4099,0
6.93,2716110,195,1
6.39,4853108,118,1
3.55,3798716,2180,0
7.95,2020667,169,1
7.32,2101535,159,1
4.18,1467975,4479,0
6.27,8061484,45,1
3.85,4591911,3558,0
4.15,3124959,1276,0
2.88,1071857,3855,0
7.46,3692064,43,1
5.65,8416237,153,1
7.67,9136062,78,1
7.4,2320399,46,1
4.1,1624453,3556,0
6.33,9455076,150,1
7.78,1101398,143,1
5.97,6889322,60,1
4.1,2055728,2352,0
5.85,1434461,118,1
2.73,2886975,917,0
7.28,6654879,180,1
6.14,5846146,153,1
2.82,4346531,3767,0
3.3,562417,2797,0
2.6,4190603,2305,0
3.73,369486,2159,0
2.5,4649567,3383,0
2.88,3673269,3934,0
3.0,4104023,4450,0
7.89,7580538,74,1
2.74,1372312,3076,0
3.25,1840342,666,0
3.42,1985895,163,0
4.4,2242191,1729,0
2.56,2499422,4889,0
2.85,4111178,3230,0
6.28,8052933,103,1
4.22,4044284,2518,0
7.15,9849394,84,1
7.76,7682205,99,1
6.37,4741609,50,1
4.15,3002965,3962,0
5.68,4393374,128,1
4.08,2336137,2254,0
7.93,9999678,71,1
7.91,5339707,192,1
4.23,2886390,871,0
7.75,9469373,192,1
2.79,4286074,2729,0
5.77,9987689,141,1
7.22,4668658,37,1
3.93,1446301,3839,0
6.75,1170724,43,1
2.94,3991420,1370,0
4.38,1138843,912,0
2.55,19057,3707,0
7.88,4784304,140,1
7.65,8609819,169,1
3.48,3010224,4730,0
7.54,4330849,69,1
6.3,3512810,29,1
7.19,158303,166,1
6.77,2093536,96,1
5.9,2131858,154,1
3.96,2954116,2959,0
5.53,6640573,109,1
7.22,770745,140,1
6.34,4098816,74,1
5.84,1563070,40,1
3.91,2897751,2014,0
6.9,3210445,25,1
7.93,7518172,53,1
7.36,2701172,110,1
3.4,1261039,1139,0
6.99,7042758,49,1
3.19,3759055,4289,0
5.52,6825844,111,1
3.44,1158461,3809,0
5.78,2871513,194,1
7.14,8571511,65,1
4.37,1813440,1319,0
7.72,8904849,91,1
6.6,697110,52,1
6.81,8962618,196,1
7.23,8811920,124,1
7.51,2980631,109,1
3.94,143009,495,0
6.31,1713611,122,1
3.45,3789201,3333,0
7.15,182818,33,1
4.29,2650821,4958,0
6.53,3233537,107,1
2.88,4592364,619,0
4.15,1918513,4493,0
2.55,3320455,4765,0
3.97,2653930,2478,0
6.75,2747996,106,1
6.93,152121,167,1
3.82,2965442,4153,0
4.2,2700185,2415,0
3.2,998765,707,0
4.39,216488,1014,0
4.12,2168461,2243,0
4.27,1044283,2845,0
6.6,3460625,122,1
4.36,3116485,1922,0
7.17,2776935,199,1
4.3,2627351,385,0
3.28,859783,4775,0
6.37,8748516,98,1
2.52,552618,1962,0
2.53,2116598,4595,0
7.41,290676,188,1
3.37,1572335,573,0
2.94,2245698,1184,0
3.05,4536071,2129,0
4.4,1219461,4667,0
6.86,363076,63,1
6.92,3111134,45,1
2.55,4313395,3840,0
3.41,1910295,1344,0
3.15,2781526,3345,0
3.11,4753351,4509,0
7.17,2221454,59,1
7.32,9615674,52,1
7.75,4131287,90,1
7.86,1977320,70,1
3.13,3102027,4748,0
3.23,4298781,2491,0
7.94,9324935,174,1
3.94,1185391,4544,0
7.18,2303972,115,1
5.95,2614779,57,1
3.75,3417880,1181,0
4.24,601500,1440,0
2.5,4403916,2246,0
3.91,2260698,4912,0
2.95,3535458,672,0
3.29,2825696,1996,0
3.81,3431540,3117,0
6.59,6806591,100,1
3.05,1418447,2115,0
7.44,9729266,114,1
2.67,1551047,1016,0
5.6,6208882,192,1
4.11,4443756,3061,0
6.52,6494036,191,1
7.01,9971727,130,1
5.78,5715234,84,1
6.83,1976944,142,1
4.4,241360,2971,0
6.28,1182963,35,1
4.48,1278544,1413,0
7.52,8572232,84,1
3.68,1298560,453,0
3.46,55093,2433,0
3.77,2003324,3221,0
2.79,1451191,4103,0
2.52,492428,4851,0
3.81,2724476,2100,0
7.73,4196395,60,1
3.69,750799,234,0
6.47,9058724,25,1
5.76,7275713,195,1
6.43,1750774,69,1
7.22,7980708,71,1
5.75,1474535,177,1
2.79,1335173,4030,0
5.58,6944976,155,1
3.6,3543799,4154,0
3.0,47392,4870,0
2.63,2113490,4146,0
7.22,9609806,50,1
6.1,3644004,89,1
2.59,4549187,1448,0
3.38,2451119,4305,0
6.61,6818188,184,1
7.63,4056887,89,1
3.84,880248,4524,0
2.98,2678598,955,0
3.27,240248,3678,0
2.58,2877898,4137,0
7.03,7054176,140,1
6.65,8689157,32,1
3.17,447241,4062,0
7.39,777120,78,1
6.31,7943086,162,1
3.21,2682167,4880,0
6.36,9456268,126,1
2.77,2806206,2828,0
7.15,3345067,69,1
6.89,575131,139,1
6.72,7241007,133,1
2.66,595595,2981,0
2.95,1281857,2486,0
7.64,3085936,62,1
6.72,7684012,166,1
2.53,4461426,4499,0
6.25,3685721,53,1
5.72,4492379,26,1
4.38,4282015,3939,0
3.82,1262789,4990,0
7.13,8439110,99,1
7.72,5489023,159,1
6.74,1721463,50,1
7.6,3511542,54,1
3.57,1595177,1461,0
7.08,6455210,88,1
7.09,4277342,96,1
4.04,1136130,129,0
5.75,883581,33,1
7.85,7533005,94,1
3.08,200703,233,0
3.45,4442335,1336,0
5.63,8793981,164,1
4.43,4139894,4822,0
7.38,3991980,104,1
3.41,3774360,4645,0
7.73,1484434,120,1
7.87,4263300,71,1
4.22,2566154,3982,0
7.33,4237181,128,1
2.76,394814,883,0
7.58,8274408,83,1
3.66,3796329,4393,0
5.68,2171035,174,1
6.71,6508933,128,1
6.89,159450,131,1
5.91,3059824,120,1
3.97,4048259,2829,0
3.03,2817410,222,0
4.12,1401426,3543,0
2.74,2200091,3921,0
7.93,6468023,105,1
7.72,1394860,162,1
6.38,2644597,157,1
7.2,2323550,126,1
7.67,9246403,105,1
6.44,5318904,146,1
4.03,310353,2206,0
2.79,516807,1963,0
3.7,2318054,1650,0
2.75,1141779,739,0
4.06,3227503,3264,0
6.05,8428186,159,1
2.67,2656439,4638,0
6.33,1272085,150,1
7.84,943968,124,1
6.28,6362435,56,1
3.45,4920379,2955,0
6.6,5321232,24,1
5.76,2893856,186,1
3.59,4330470,109,0
6.99,828200,144,1
7.59,4437374,72,1
3.7,2765676,739,0
6.6,2973954,159,1
6.23,1772326,120,1
5.89,3353014,27,1
2.71,4171647,2296,0
2.95,3760590,2969,0
3.25,2579371,3472,0
2.6,1935552,4285,0
5.83,1877163,34,1
3.21,3485134,2657,0
6.47,1441135,104,1
4.34,1896569,2143,0
4.34,347322,2002,0
3.52,501870,4305,0
3.45,2306697,4619,0
6.04,3461222,98,1
2.68,864032,2488,0
3.17,3558135,939,0
4.18,552483,1500,0
6.15,851811,100,1
4.38,844609,4948,0
5.53,2289843,106,1
4.45,3841368,405,0
6.4,1821391,119,1
4.07,2706253,2711,0
8.0,9579074,123,1
3.9,716360,2052,0
7.89,2962482,149,1
5.76,1917688,88,1
3.84,2618680,892,0
7.41,246856,86,1
5.84,1457425,112,1
4.14,1047878,2727,0
3.61,4380399,1125,0
2.82,3527351,113,0
2.89,1958355,404,0
6.1,7341772,75,1
2.99,2170722,3714,0
2.95,4187854,4725,0
7.26,2492403,125,1
6.37,5863896,71,1
6.73,1427980,186,1
3.7,3695482,3221,0
3.09,3289312,3979,0
2.68,2906334,2580,0
4.4,4809474,4881,0
3.36,245399,671,0
6.9,1039150,102,1
4.35,2836217,2111,0
3.42,1472837,2061,0
4.44,4607126,2143,0
3.24,4185750,2456,0
6.02,7650779,37,1
6.99,1962354,93,1
3.54,244909,3950,0
4.27,4091375,842,0
2.72,1416419,774,0
4.48,1172044,2575,0
7.9,5234296,70,1
2.74,4907078,1035,0
6.59,5777489,102,1
2.72,273440,652,0
6.34,7110929,62,1
3.32,813823,4573,0
2.92,914882,3906,0
7.47,7740632,144,1
7.02,9729561,96,1
7.25,6405640,45,1
2.75,281901,4419,0
7.82,868626,23,1
6.46,1375897,66,1
7.61,5981034,93,1
7.03,482810,169,1
3.52,1685864,4864,0
7.45,6580162,104,1
3.35,3939653,1014,0
7.1,6908236,188,1
3.89,1266235,4415,0
3.9,3986676,883,0
3.79,1940326,1967,0
6.66,2194247,192,1
3.43,38837,399,0
2.68,4816413,3616,0
4.02,4292912,4854,0
6.33,8586682,103,1
6.68,8083764,112,1
6.32,1068913,75,1
3.72,4210823,548,0
6.58,3600501,193,1
2.78,3857735,3394,0
3.72,1690712,3158,0
7.15,4512326,140,1
2.76,723182,1826,0
2.75,2638335,4575,0
6.87,9677521,48,1
7.99,5778880,196,1
7.61,7689443,103,1
4.36,567264,2494,0
3.84,4192818,3206,0
3.3,4930111,4774,0
7.51,2570719,113,1
7.02,3019771,196,1
3.11,4092474,1951,0
7.43,6774263,161,1
6.9,442507,116,1
6.69,8871670,141,1
7.18,3774629,171,1
3.93,2289928,2654,0
2.64,3394041,2208,0
2.58,826902,3647,0
7.28,361954,156,1
4.34,1312248,3283,0
3.88,203173,2614,0
4.04,3715544,2583,0
5.88,4635114,53,1
4.0,4127229,1252,0
4.15,3580560,3234,0
7.6,9435027,84,1
6.29,1358603,100,1
4.27,2999429,3279,0
3.73,860230,1690,0
4.42,1282951,4053,0
5.96,8776188,59,1
4.01,3776940,1043,0
5.65,504416,59,1
6.64,1648767,86,1
7.33,3267822,199,1
7.03,4018700,189,1
4.23,2222083,3580,0
4.32,1681660,3286,0
6.33,4645016,193,1
6.52,1122235,74,1
5.54,1775655,109,1
5.54,2633150,155,1
2.96,887394,1942,0
7.83,5671981,170,1
2.77,2882720,1373,0
3.62,3103388,306,0
4.46,598765,2141,0
4.4,4126247,4220,0
3.98,568033,166,0
5.95,6959169,24,1
7.2,9523066,150,1
3.75,4604164,2728,0
3.86,4292832,2402,0
2.61,2818298,1736,0
4.35,1713098,961,0
7.13,4885763,20,1
3.03,1347069,2493,0
7.44,1657762,198,1
6.89,4319044,60,1
7.41,2139116,127,1
3.16,4135796,1053,0
3.99,2808190,2724,0
4.04,3584735,4119,0
2.61,4542296,4766,0
3.1,2213663,2717,0
3.03,4211931,3581,0
3.98,3647171,2997,0
5.56,1425381,98,1
6.25,8653987,83,1
3.67,1682047,467,0
4.44,1629518,146,0
2.89,3323242,4736,0
5.73,7313486,66,1
6.18,8467054,113,1
5.71,4360962,82,1
4.41,1829542,214,0
7.6,365584,153,1
4.03,4231867,2928,0
7.23,4306658,179,1
7.22,7024496,114,1
6.62,8290921,65,1
2.83,1651789,3810,0
3.62,3294566,335,0
4.24,810584,1717,0
7.7,4456679,127,1
2.91,2966794,1321,0
4.17,2094457,4664,0
3.39,1197352,2384,0
2.83,686489,3057,0
7.48,1764565,31,1
4.01,4922241,648,0
6.91,1721952,45,1
2.53,1683027,3001,0
7.39,7015564,45,1
4.45,2461349,3866,0
6.39,1307527,114,1
3.07,637962,3310,0
4.41,645614,4893,0
3.11,3382900,1647,0
6.36,7688211,34,1
7.14,535659,120,1
5.84,6781639,38,1
6.23,3079561,136,1
7.93,1973425,32,1
4.4,452632,3661,0
3.54,354967,1752,0
6.33,4887811,26,1
3.06,4816757,1836,0
2.64,3161403,1072,0
6.58,215575,37,1
3.39,3786056,1074,0
7.8,5325042,128,1
7.92,7076496,112,1
2.96,550913,2636,0
2.58,3104843,1547,0
3.89,4114782,4365,0
7.26,1147885,32,1
2.8,2326984,1115,0
2.99,3850907,3667,0
2.64,4045651,3335,0
4.46,4091936,2470,0
6.73,6802014,82,1
6.37,3212452,122,1
5.56,2463157,25,1
5.87,5456080,37,1
3.12,4845368,4786,0
3.79,3927634,2350,0
6.34,5418724,176,1
7.12,6911919,71,1
2.92,3555073,2181,0
7.13,2503678,99,1
3.17,442326,670,0
6.31,7650154,45,1
4.0,153662,138,0
5.71,4855803,155,1
7.28,1746902,197,1
7.44,2400759,184,1
4.44,3958970,149,0
5.51,6294410,197,1
4.02,2388508,2937,0
3.18,1352937,3310,0
5.99,225132,154,1
5.96,6816605,182,1
2.78,1212991,1767,0
3.27,1065169,4289,0
3.25,1745890,2689,0
6.97,9799682,178,1
3.24,701798,2635,0
4.23,3210131,1429,0
6.18,2527107,144,1
4.45,1562325,4094,0
4.28,3632441,590,0
6.83,3253605,124,1
3.68,2576017,2840,0
4.34,1496141,1608,0
3.09,3166507,3029,0
6.06,1663334,57,1
6.4,2232345,51,1
6.84,3846423,78,1
6.23,5869348,75,1
7.88,2755008,31,1
6.68,2883661,34,1
6.43,5297638,37,1
3.66,753163,2965,0
3.68,2720351,2511,0
7.63,2105057,34,1
6.45,4127837,115,1
3.48,2264780,3309,0
6.06,6003331,167,1
6.77,1561682,99,1
3.58,180041,2288,0
6.62,380403,48,1
4.1,1496660,1276,0
4.47,851375,4329,0
3.54,4877245,1298,0
6.1,4393799,53,1
7.1,5698021,89,1
7.34,6849862,138,1
3.27,1436725,1727,0
7.86,4966679,93,1
2.71,3829818,4357,0
7.85,5387857,148,1
3.9,4845919,2079,0
3.06,702478,2080,0
2.52,2834116,4394,0
6.19,2781253,39,1
7.82,8150776,170,1
3.41,602295,833,0
2.9,1275757,2047,0
5.91,724556,77,1
6.15,4015296,39,1
6.68,1337232,130,1
7.32,410651,53,1
3.0,3921012,707,0
4.25,1570947,1704,0
6.53,1752397,127,1
7.07,4821540,186,1
2.68,4471246,1084,0
7.1,4711288,98,1
2.94,2095910,2231,0
2.7,4436917,209,0
6.23,8749990,53,1
2.67,2637975,4602,0
3.39,4974385,3876,0
6.97,4918289,167,1
7.85,2496493,138,1
2.98,1992991,751,0
6.71,3586117,63,1
4.31,3003516,3598,0
3.86,2615200,2301,0
7.24,8052902,74,1
3.7,165982,4462,0
3.68,4088185,2577,0
4.41,3469137,4804,0
5.85,5652214,30,1
6.49,9543146,38,1
6.02,4279305,110,1
6.42,3891898,100,1
3.4,3101211,4806,0
7.75,9753684,128,1
2.54,2262562,788,0
5.98,8386468,194,1
7.24,593051,42,1
6.69,1383311,154,1
4.29,4230638,3850,0
3.17,1225178,2776,0
6.93,2218581,166,1
4.05,1174411,3249,0
4.12,648348,2966,0
6.2,3231813,27,1
3.04,2046628,3356,0
7.81,2400065,171,1
7.2,9931248,98,1
3.37,3453874,1477,0
7.64,4159721,56,1
2.62,2396777,466,0
7.43,2519909,69,1
3.05,3734369,2028,0
4.33,4006520,4313,0
7.22,8124280,65,1
2.77,1131939,3707,0
4.25,2969349,4944,0
3.04,1862311,3783,0
2.7,1555469,3352,0
6.63,5040430,170,1
5.61,5049035,116,1
5.85,6344121,169,1
3.58,2773137,4282,0
5.72,871953,67,1
2.88,235117,3116,0
4.28,2499091,773,0
7.5,2039217,63,1
7.64,2834111,107,1
3.9,3533309,1564,0
6.75,9020617,102,1
3.72,1121588,4657,0
3.63,400006,4344,0
3.01,2110956,1115,0
7.67,1034350,32,1
6.22,7495200,51,1
7.09,9363057,177,1
6.22,7175844,115,1
3.43,2104768,591,0
2.96,4531599,3892,0
2.94,1765032,419,0
6.93,4631787,63,1
4.25,3853409,3620,0
2.81,4964261,4630,0
3.1,1890447,1040,0
5.77,8796096,100,1
4.2,2899428,3329,0
7.31,9227161,186,1
6.44,4919379,76,1
6.0,9831129,80,1
4.3,1071122,2606,0
3.9,1790458,1078,0
2.6,2250653,3241,0
6.18,6741255,89,1
3.93,973064,204,0
2.57,1439987,4099,0
6.52,3756550,132,1
6.53,3937667,75,1
4.09,401864,731,0
3.18,4627606,2114,0
2.54,2030348,1747,0
2.95,4340197,1838,0
3.66,1339219,3788,0
7.11,2613862,91,1
5.93,5935104,70,1
7.43,3148001,32,1
3.78,810353,4377,0
7.15,1382705,104,1
4.32,2056436,3279,0
7.12,9043874,86,1
5.71,2438044,100,1
5.64,9740820,165,1
5.78,7215564,199,1
2.76,2886718,784,0
4.46,2765567,3425,0
7.58,8389403,139,1
6.52,1453387,173,1
3.88,4770702,2368,0
7.84,8950933,158,1
5.7,4097287,111,1
5.96,9331456,155,1
7.86,5594949,74,1
2.97,3302379,325,0
2.64,3426314,4215,0
6.06,7922258,153,1
3.48,2917629,4158,0
2.88,957593,1678,0
5.91,6410007,135,1
3.08,3318738,4844,0
3.56,1706574,119,0
4.13,1752063,618,0
6.98,7618972,86,1
5.93,8760471,90,1
6.27,3936877,110,1
3.9,3997884,1541,0
6.17,6939207,36,1
2.75,2513762,2879,0
3.18,4268002,3902,0
7.69,6979867,158,1
3.58,4327519,3076,0
3.57,4113033,4173,0
3.59,2346506,3698,0
3.24,1753811,2260,0
2.57,1522654,4994,0
3.1,1339680,1296,0
6.44,6390204,64,1
6.24,889113,81,1
7.38,1285317,45,1
3.48,2803330,2693,0
3.61,2525974,2758,0
7.49,1284751,33,1
5.56,6477815,126,1
2.77,4443838,4406,0
3.47,3203795,251,0
7.78,6875984,111,1
6.91,9177863,77,1
5.98,4985651,125,1
7.58,1037357,102,1
6.9,5236411,56,1
3.5,3706351,1298,0
4.08,245870,4589,0
6.44,9729213,69,1
6.5,6221873,62,1
7.15,5370793,99,1
2.64,2645444,4972,0
7.56,9379660,134,1
7.49,8064407,42,1
3.85,3328449,103,0
2.71,1499027,4039,0
3.55,3302270,1516,0
6.85,8491983,164,1
6.14,7477014,45,1
3.72,809473,2529,0
4.47,480540,2643,0
3.77,1222744,1523,0
4.22,314676,4188,0
4.16,2843888,2834,0
7.88,3148497,38,1
6.08,2766795,25,1
5.75,760277,175,1
3.0,3083242,2056,0
6.77,4994187,60,1
7.77,8000258,145,1
4.12,4841171,1846,0
2.94,980925,2912,0
2.64,2466926,4128,0
3.49,627279,2963,0
3.65,3670146,1941,0
7.59,2440189,120,1
3.44,2754631,2014,0
2.92,718189,2354,0
4.47,4786160,1498,0
6.22,7964616,111,1
5.66,2944317,57,1
6.39,694060,51,1
7.16,475430,193,1
7.64,8564270,184,1
7.14,4675992,40,1
3.44,4365369,2066,0
7.74,736227,177,1
5.81,4014002,97,1
5.56,485672,139,1
2.52,3331170,430,0
3.56,328928,4446,0
3.93,1712210,945,0
3.48,2458185,3830,0
6.35,2720878,27,1
7.28,9313764,38,1
7.62,4036122,100,1
4.38,1441666,1280,0
6.65,5163909,166,1
4.11,3460758,537,0
3.08,2213343,176,0
7.44,9915097,37,1
3.53,4460224,3098,0
6.94,5552905,188,1
2.91,4874454,2244,0
4.34,1377630,2464,0
6.57,2621842,36,1
2.77,143132,4765,0
4.25,1852940,959,0
7.33,171707,144,1
6.97,7892821,195,1
4.29,1484970,3004,0
5.53,6742409,84,1
6.99,2166771,93,1
4.31,3509510,972,0
2.57,4271498,683,0
5.7,3622030,22,1
7.52,6597703,33,1
5.59,3591918,123,1
6.96,8241192,114,1
3.7,460100,1044,0
3.23,2927116,338,0
6.68,5549308,172,1
7.39,6276141,162,1
6.35,9463833,49,1
2.84,3580439,3490,0
4.08,2704966,3362,0
6.19,3917554,85,1
5.58,2201128,22,1
6.62,6082252,42,1
4.22,2684847,3757,0
4.05,1293411,1668,0
3.72,1479522,3198,0
6.96,3682098,130,1
4.26,775642,2128,0
2.55,3462769,822,0
7.74,8476622,105,1
7.74,2531145,25,1
6.31,4943609,98,1
6.6,9328776,191,1
3.18,3635661,3853,0
3.86,2447443,539,0
6.47,6825834,36,1
7.07,7637322,122,1
7.7,964962,149,1
4.12,2776665,2695,0
4.32,2372131,2016,0
6.2,2026116,36,1
6.87,3526675,117,1
3.21,200239,556,0
7.43,3690050,75,1
7.31,1554405,25,1
3.94,3875626,4724,0
4.25,3746377,964,0
5.79,4722334,122,1
7.4,6686182,115,1
4.01,438191,1724,0
7.6,8922862,165,1
3.85,960873,2928,0
5.51,785942,131,1
5.69,7526526,52,1
4.18,4239861,3872,0
6.64,9577395,151,1
4.19,2514051,4001,0
6.27,4950116,141,1
3.83,306219,2796,0
7.59,9888883,157,1
6.13,5283017,54,1
2.99,2488086,814,0
3.65,4735752,2547,0
4.26,4605024,4297,0
6.56,2184563,152,1
4.3,233736,3708,0
3.71,518839,3023,0
3.67,942305,1084,0
3.94,4886800,176,0
2.89,1599754,604,0
3.83,2163880,3444,0
2.56,109733,2527,0
7.98,6838282,59,1
7.81,3505237,80,1
4.44,1749759,3871,0
3.22,4563057,2976,0
5.55,2253233,129,1
4.06,3701794,539,0
4.5,2064295,4651,0
3.05,2004887,1918,0
7.95,9130562,29,1
3.34,4040907,4350,0
7.37,3913712,107,1
7.19,3669127,110,1
7.13,5745875,75,1
6.28,9481165,57,1
7.6,4349929,121,1
7.45,6398825,100,1
2.56,1180864,1540,0
2.99,1152648,3941,0
6.19,9155095,90,1
3.92,957948,4521,0
7.97,4929911,193,1
4.01,4969420,280,0
7.53,5390362,93,1
7.38,4336643,152,1
7.21,695912,133,1
6.52,380618,27,1
4.13,3677210,4083,0
3.77,4284249,1128,0
3.6,3736767,2817,0
3.78,3139455,2939,0
4.22,1889619,1603,0
7.78,7603632,179,1
2.68,1857838,257,0
6.83,3810725,68,1
4.3,4439884,3962,0
3.84,1098402,840,0
6.38,4575083,187,1
3.35,3355317,1016,0
6.73,8404968,27,1
2.89,1638845,1896,0
4.13,4900382,3198,0
3.51,62729,2802,0
7.29,8035458,104,1
3.09,3426055,904,0
6.1,6083224,25,1
2.72,1520994,1707,0
7.93,5394766,183,1
3.63,4566644,4925,0
7.28,738248,174,1
6.88,5568459,130,1
3.7,641610,2145,0
2.75,384368,3853,0
4.22,69519,1059,0
3.44,4562780,2909,0
5.56,5715777,62,1
2.85,3990641,3955,0
7.52,5330371,98,1
2.68,3527230,3454,0
3.75,3669744,3062,0
4.29,1973578,4325,0
5.94,6041160,170,1
7.46,4991045,138,1
2.87,4047179,2165,0
5.85,6133755,160,1
6.87,6496049,101,1
2.84,4766488,2914,0
2.86,2623187,435,0
2.99,918621,3627,0
5.7,2764585,146,1
4.25,93504,4727,0
3.07,2013653,856,0
5.6,3623667,72,1
3.26,245040,559,0
3.15,3964194,811,0
3.68,1082031,4029,0
7.25,3644321,172,1
4.23,2691138,2407,0
6.07,2892869,26,1
6.14,8866901,128,1
2.93,4642543,4047,0
3.62,2900222,4605,0
7.18,1332416,48,1
2.52,2998165,3507,0
5.94,805039,164,1
3.94,3406917,4541,0
6.21,1297050,156,1
7.23,2675109,164,1
7.78,2506252,47,1
3.1,3110759,1545,0
6.45,2021531,173,1
2.74,3907044,4619,0
6.44,7028929,160,1
7.0,2310078,25,1
7.11,1824129,145,1
6.63,1894059,145,1
7.8,3861651,130,1
3.32,230109,1043,0
7.25,2684218,41,1
4.48,439730,2562,0
6.07,1800018,52,1
7.81,9337790,126,1
4.43,4413824,1680,0
3.72,2142910,4105,0
3.32,4600198,3059,0
3.59,3192533,1179,0
7.69,911121,40,1
7.06,8554199,112,1
2.99,126987,190,0
7.37,580617,129,1
4.43,1808015,580,0
3.3,519058,2148,0
2.72,2330860,599,0
6.04,3950923,69,1
5.79,5393594,192,1
3.25,4798109,4069,0
2.61,2371346,3483,0
2.78,1417956,1832,0
6.62,6352813,104,1
4.38,2216286,4965,0
6.45,2060089,108,1
7.39,3310735,23,1
5.56,9096033,32,1
7.54,8710839,38,1
2.72,403299,2265,0
6.49,7590462,113,1
3.74,2062669,3113,0
3.1,2699994,3419,0
3.05,835222,4569,0
6.78,6955841,159,1
4.23,3095406,1647,0
4.39,3897931,3429,0
4.09,3898379,1982,0
3.75,3463913,4844,0
5.85,3922363,187,1
2.84,4095920,1913,0
5.89,2771266,28,1
3.29,2834037,1551,0
2.52,668761,1935,0
3.66,178388,2091,0
7.16,9470507,157,1
3.54,2470618,1126,0
2.86,3501712,1981,0
3.72,1384844,2495,0
4.28,537142,4384,0
4.03,565475,188,0
4.46,1769508,1084,0
6.16,4571043,26,1
3.28,1734739,1151,0
3.63,3054617,689,0
2.92,3151801,4520,0
5.9,4944878,59,1
4.14,4110718,2495,0
3.48,3058808,2992,0
3.22,2203301,793,0
7.58,8379856,131,1
7.63,7833638,119,1
7.3,9271799,35,1
4.33,420085,4224,0
3.37,4069840,3433,0
3.63,3289005,880,0
3.58,99417,2321,0
4.33,2030180,969,0
3.79,3258395,3058,0
4.12,354574,4098,0
7.04,3361110,176,1
2.77,2300462,101,0
3.71,3736603,4238,0
7.02,6237949,27,1
4.48,4156230,4700,0
7.04,5369557,82,1
3.91,3890157,571,0
7.86,4194888,176,1
2.5,3947290,2283,0
3.72,4817197,320,0
7.81,2872665,27,1
3.93,2267751,115,0
7.74,9733722,170,1
4.03,2746217,3314,0
3.01,1302763,1932,0
7.95,3472380,54,1
3.14,4249808,4271,0
3.67,2631955,541,0
4.19,2905076,4885,0
3.28,4868315,3824,0
6.32,9232784,152,1
6.54,635102,95,1
2.85,1630749,2439,0
4.19,4476872,1738,0
7.25,6347712,40,1
6.45,5778970,124,1
6.25,1556103,20,1
6.44,2191973,67,1
4.03,2464234,3795,0
3.86,123903,954,0
2.96,3297656,2245,0
3.71,1569695,1563,0
4.49,1075370,2166,0
7.83,4264949,133,1
3.11,3957502,480,0
3.04,3172274,1170,0
3.31,2194271,4492,0
7.16,7102285,152,1
7.24,6501353,170,1
6.97,1875704,89,1
3.62,1278630,4115,0
7.14,2774541,141,1
6.84,5496288,157,1
6.24,3923794,105,1
4.03,701665,3911,0
4.24,2613593,1869,0
3.3,3920325,4555,0
7.25,9476891,77,1
7.73,6918119,72,1
6.33,4948653,32,1
3.59,1546619,319,0
6.54,1521871,136,1
6.53,5159598,30,1
7.37,1051056,191,1
3.1,4653186,2093,0
5.64,1633554,60,1
4.02,4408596,4799,0
4.21,904372,2632,0
6.4,9320200,167,1
7.49,8562959,185,1
6.25,1533587,187,1
2.69,3450375,3367,0
2.99,898281,2503,0
7.35,7834744,141,1
3.4,3546893,2511,0
6.52,8931337,53,1
6.52,1819897,32,1
6.99,5466332,133,1
2.87,3549815,4348,0
2.91,2093044,3965,0
5.75,2021130,82,1
3.42,2207863,2210,0
3.33,101877,4870,0
2.77,2537722,1893,0
7.81,5806889,199,1
6.79,401870,181,1
4.01,1558784,4708,0
3.03,157496,4828,0
6.72,8597165,86,1
3.24,196090,1276,0
3.88,2170277,2441,0
3.61,2624597,4498,0
6.42,4387797,163,1
6.67,3825319,38,1
2.69,535769,1140,0
4.38,1151768,3502,0
4.16,3147090,1062,0
2.59,4262435,4436,0
7.93,9519829,64,1
4.06,3423259,1734,0
3.9,2968057,1944,0
6.89,2836753,121,1
6.84,7529695,136,1
7.68,481401,60,1
3.76,4313511,2307,0
7.1,9311712,65,1
3.72,779390,586,0
3.53,682568,437,0
5.88,8968630,106,1
6.98,4092460,88,1
3.88,4581523,863,0
7.31,994930,196,1
5.95,5489393,197,1
6.79,4755488,61,1
7.93,1969990,75,1
7.33,3254330,151,1
3.35,2362321,136,0
3.59,4949610,447,0
7.95,6970099,62,1
7.32,4642583,150,1
3.03,524065,2518,0
4.31,3685163,2882,0
6.36,9115916,175,1
6.93,3351139,116,1
3.37,4692805,4527,0
3.64,1147531,686,0
5.71,5429056,89,1
3.75,1882141,1995,0
4.0,2088827,2670,0
4.44,2879730,2075,0
6.67,2004210,175,1
3.35,1287099,1635,0
3.89,503112,2954,0
6.82,919788,181,1
3.89,632750,3074,0
4.39,1862507,1448,0
6.49,5868229,129,1
2.64,109692,2598,0
7.79,8694584,142,1
3.3,1141145,3102,0
6.94,4599427,109,1
5.63,2413917,125,1
7.57,1893020,157,1
4.27,1292488,4903,0
3.88,2823775,4775,0
6.58,1702153,142,1
2.63,4844881,1951,0
4.02,1325643,2564,0
6.13,2273853,172,1
4.47,4768642,4048,0
3.02,3402391,4875,0
7.8,869981,75,1
4.41,4843465,2162,0
3.45,2895723,1971,0
3.67,4251057,3183,0
3.08,4903980,4160,0
7.19,3384771,115,1
2.63,1932326,690,0
7.18,8320510,90,1
4.01,784592,333,0
3.9,2861824,3399,0
5.54,4826870,70,1
7.48,7182356,34,1
5.63,4695820,190,1
3.89,4642721,2770,0
6.89,3796139,57,1
3.4,4488160,2172,0
3.39,4104437,773,0
3.74,4292242,2340,0
3.12,3913430,4548,0
3.91,703513,2211,0
7.15,3361557,149,1
3.74,65058,3421,0
4.46,4485656,1327,0
6.51,8185726,35,1
3.6,266028,3755,0
3.9,2152531,3986,0
6.91,6238488,123,1
6.12,4301535,77,1
6.54,4591854,89,1
4.22,208776,910,0
3.94,4372075,808,0
3.68,4742828,4300,0
7.92,6358748,121,1
3.51,1518835,4523,0
4.31,967363,4030,0
5.8,4184143,77,1
7.39,2727207,121,1
3.33,4046655,3227,0
7.57,9802988,124,1
7.64,8648083,158,1
6.18,5746209,26,1
7.66,5833240,98,1
3.72,903507,4900,0
7.59,4260501,57,1
4.34,3719864,3925,0
3.84,4595013,1471,0
6.48,3554560,105,1
5.97,1195777,104,1
6.6,7719890,68,1
5.71,373024,50,1
6.11,6869881,78,1
6.59,8285920,168,1
3.44,2961223,1985,0
3.82,1694584,1820,0
6.45,5780804,147,1
6.14,6958939,76,1
5.84,8600691,37,1
5.88,8866235,95,1
4.19,2110049,4424,0
2.78,1750849,1992,0
5.51,4175828,190,1
2.55,1021646,3073,0
2.77,1022558,138,0
6.08,4424419,76,1
3.5,30047,3673,0
5.58,1175963,96,1
6.18,4432708,82,1
3.53,2723555,3572,0
6.47,7969398,195,1
5.55,429074,176,1
5.83,344025,83,1
5.71,5327404,62,1
6.61,2829811,151,1
7.58,8345340,69,1
5.85,8443055,92,1
2.62,2214295,2494,0
2.51,4710930,4874,0
3.03,3082701,3182,0
3.49,4460175,2333,0
6.39,2129254,62,1
2.67,2948282,4061,0
3.26,1346146,1905,0
5.58,440832,155,1
6.34,6456425,42,1
3.86,4787707,833,0
2.67,1282911,3921,0
7.31,3668107,196,1
3.02,2187047,4407,0
7.87,3142553,29,1
3.02,1722186,3173,0
3.55,591774,233,0
5.7,9271115,31,1
7.14,5612515,183,1
7.12,5538964,130,1
5.89,552215,59,1
5.81,654827,177,1
7.48,9267149,29,1
4.35,1051491,1893,0
7.4,5089650,195,1
6.22,3175499,64,1
4.26,1908927,1076,0
4.37,4397758,1242,0
3.42,1272577,3737,0
3.48,2709269,3434,0
3.79,667591,2986,0
3.84,1599440,4167,0
6.44,5313261,149,1
2.8,1816175,3454,0
6.31,7003908,129,1
3.18,1450989,3037,0
3.92,3655064,275,0
6.15,1940045,84,1
6.19,8807761,176,1
4.22,1968465,3385,0
2.55,3662248,2976,0
4.33,3474912,3851,0
6.96,9958400,44,1
4.12,4294835,307,0
3.32,4315528,3979,0
7.05,7844457,47,1
4.41,1268405,157,0
3.12,1686831,412,0
2.58,1225356,4134,0
6.93,8939705,154,1
7.55,3514228,37,1
5.75,2979723,67,1
4.41,3596381,1533,0
2.53,1628289,4455,0
5.98,9978623,193,1
2.81,1888180,1998,0
4.49,2567105,950,0
5.78,1283922,89,1
5.71,2709484,153,1
7.67,739369,122,1
6.91,9637277,36,1
3.85,4286143,1379,0
7.71,9969971,97,1
4.26,4759244,2772,0
7.89,3147002,56,1
5.55,2482615,197,1
3.57,3970110,1053,0
6.27,9679077,63,1
4.5,1268854,4477,0
3.5,436888,2718,0
5.95,1999344,163,1
3.68,4461714,3167,0
3.39,1830268,2176,0
5.7,9412901,140,1
7.28,4448294,127,1
6.54,1524351,34,1
7.61,2270345,183,1
4.37,2529720,4737,0
3.92,4367997,2442,0
7.48,2255626,77,1
3.64,441557,4199,0
3.52,1023092,3789,0
7.4,521820,130,1
3.42,967018,507,0
4.3,1170631,4539,0
4.48,3683688,1267,0
3.54,1754551,1203,0
7.02,6278005,136,1
7.16,5201161,111,1
3.39,1116608,667,0
2.98,2193435,3829,0
3.95,1317190,4219,0
4.08,2568432,528,0
7.75,4939047,38,1
7.14,7289780,193,1
7.78,5538674,39,1
2.76,2861467,3687,0
4.04,3197328,447,0
3.79,4955876,2167,0
6.99,2370673,137,1
2.76,555402,2296,0
4.37,1897823,1488,0
2.92,4824263,1673,0
6.63,3907325,34,1
3.68,4455537,3918,0
4.38,1782997,286,0
7.95,1668165,115,1
7.97,5602319,33,1
7.11,9962951,138,1
5.62,9580406,183,1
6.94,3599013,147,1
4.46,935477,3118,0
5.78,613042,59,1
7.4,163967,172,1
7.51,653621,137,1
6.44,5236866,43,1
6.97,5629053,122,1
4.36,4268058,3068,0
3.34,3230725,3195,0
7.61,6131278,187,1
5.92,684089,117,1
6.3,3260935,26,1
4.15,417408,755,0
3.37,1808745,785,0
5.57,9895676,73,1
3.02,713342,991,0
7.54,7260971,182,1
7.21,977638,165,1
7.22,2998422,175,1
4.4,1723427,2360,0
7.33,2381790,45,1
7.28,4578501,71,1
3.98,1870381,4048,0
3.41,2548263,4404,0
2.8,4469529,191,0
3.11,495828,4896,0
5.93,8634607,55,1
5.74,854937,54,1
7.09,5088780,24,1
3.83,2977557,3840,0
6.22,3873868,144,1
6.42,6003036,79,1
6.31,6331462,164,1
6.4,5088393,48,1
4.02,3165681,3113,0
2.85,1111275,531,0
7.26,5382384,110,1
6.56,4434284,165,1
5.62,3279819,29,1
2.74,631549,3050,0
5.94,7916823,56,1
3.4,3987213,362,0
6.79,4270567,42,1
6.54,1470545,41,1
3.07,1519354,951,0
3.09,3083851,3334,0
5.89,8859733,47,1
4.23,2301297,3728,0
3.82,4958009,1260,0
6.97,9832356,185,1
2.81,2910851,4310,0
3.39,1743398,3944,0
7.41,9157881,20,1
4.05,203605,448,0
3.67,150808,4768,0
3.03,1199196,178,0
3.11,368724,3364,0
6.4,6111840,185,1
4.47,4333267,1362,0
6.83,7314310,185,1
6.8,1873950,48,1
7.01,8218006,172,1
6.28,1315199,147,1
7.94,2765251,92,1
3.56,446056,4661,0
5.9,5826241,85,1
3.75,1339678,934,0
3.36,432930,1658,0
7.79,7254184,49,1
7.3,3524270,97,1
3.17,64550,1683,0
6.31,5034103,107,1
6.46,7334513,45,1
6.01,2785295,96,1
3.06,3528704,2795,0
7.02,695557,69,1
5.93,7720537,67,1
6.44,1913659,105,1
2.92,2408786,446,0
3.34,3072546,1572,0
2.69,4865891,3718,0
4.12,776941,2712,0
3.5,2799793,4888,0
4.39,723224,4251,0
2.71,891436,1196,0
3.76,2093682,2107,0
2.94,1679842,1952,0
3.97,2004138,743,0
6.42,6082973,166,1
3.05,2841279,3784,0
5.59,7534072,187,1
3.31,1704180,2006,0
3.42,2316033,1950,0
6.7,5206889,22,1
6.22,4666355,196,1
2.94,4283860,4002,0
6.8,3613871,78,1
7.96,239125,48,1
7.72,5146461,122,1
4.21,521178,2195,0
3.82,1703777,2512,0
2.95,2493904,4726,0
3.91,1021824,642,0
2.83,2253363,690,0
5.63,4184525,37,1
3.81,444564,1832,0
3.25,4828761,1460,0
6.01,6476383,158,1
7.21,1501501,105,1
7.05,4614469,26,1
4.0,800779,3171,0
6.89,3014771,156,1
3.38,68339,2344,0
6.42,2869838,177,1
4.02,2447610,3828,0
4.5,206506,760,0
7.73,2548804,72,1
2.77,2878005,3980,0
6.7,5904294,117,1
3.78,891809,2063,0
5.87,7669676,57,1
6.23,9870874,162,1
7.18,8994404,62,1
5.58,9110707,57,1
6.88,9588755,197,1
3.96,2718947,4908,0
3.02,438163,1102,0
7.15,8080419,100,1
4.03,4296514,3209,0
3.94,3064880,4410,0
3.84,2242523,3598,0
4.06,2049138,3372,0
2.82,1408011,1667,0
3.97,2716321,1446,0
7.15,9582339,145,1
3.02,386152,426,0
7.61,4074462,59,1
4.32,464434,2995,0
2.52,831390,1258,0
2.9,2815532,4796,0
3.07,3067423,635,0
4.05,4860280,1541,0
7.94,2239773,132,1
6.82,9540677,110,1
6.84,7957008,150,1
6.96,1250387,35,1
3.8,777455,1314,0
7.79,6916031,104,1
6.01,2644300,181,1
3.81,3288988,3157,0
5.71,2073851,127,1
4.47,3742860,3431,0
5.59,1098485,99,1
6.53,3407300,48,1
6.85,2904371,131,1
2.82,4148393,208,0
4.08,4930702,4090,0
7.53,6453726,63,1
4.31,3595866,2665,0
2.89,2220555,3652,0
5.76,1873544,156,1
3.95,3951396,3823,0
3.26,4842951,3343,0
6.95,5191911,160,1
6.0,6789972,51,1
4.09,4384122,3418,0
2.92,1820411,3787,0
6.63,6453761,49,1
6.01,100762,25,1
6.73,6794461,21,1
3.46,4131524,1573,0
5.54,2999067,100,1
3.08,2078249,4394,0
5.96,8511579,23,1
3.64,1644985,2077,0
3.57,513812,948,0
3.82,29716,4598,0
3.3,4700572,2788,0
5.98,407540,92,1
6.13,1332952,94,1
3.04,1269327,2810,0
6.39,1277510,103,1
5.9,8501551,28,1
7.61,6623607,182,1
6.55,4904043,102,1
2.88,79478,103,0
6.7,5248653,144,1
2.91,3577630,4256,0
5.83,4663478,113,1
5.89,7239897,95,1
4.36,2950036,856,0
2.84,4867088,4365,0
3.05,922659,1563,0
7.5,7325786,123,1
3.57,2845783,2862,0
7.12,2615357,71,1
7.8,7575709,187,1
6.99,9206447,58,1
5.9,3387109,117,1
3.34,4424134,301,0
2.88,1876426,1667,0
2.76,1930110,378,0
5.63,4850956,76,1
6.25,3779740,105,1
4.11,171351,1636,0
2.9,2944028,3029,0
6.01,1878421,32,1
3.13,665055,4328,0
2.65,31562,105,0
7.24,1636152,37,1
3.13,3309742,4425,0
3.48,990154,4099,0
5.77,2089783,84,1
6.86,4029421,139,1
2.82,2343654,3072,0
7.72,1113338,26,1
2.64,3434284,1169,0
4.44,1263065,4801,0
7.35,8003241,71,1
3.48,2710773,3836,0
4.13,2178973,3507,0
3.22,613819,976,0
5.53,1444107,188,1
4.25,38674,3115,0
5.77,7761507,97,1
3.3,4240726,857,0
3.64,2626491,2461,0
3.66,4374847,3111,0
6.97,4336881,170,1
3.61,4095167,1489,0
4.15,563127,2462,0
2.53,4391579,4126,0
7.33,8570366,194,1
3.72,1833751,3930,0
3.19,4228761,2289,0
3.81,3392296,2146,0
7.03,866463,126,1
3.18,2789933,1964,0
3.57,2442224,3846,0
6.38,3034285,83,1
5.72,7605033,115,1
6.9,682033,159,1
4.04,1397464,150,0
3.24,4397540,4337,0
4.44,3993599,4039,0
3.49,1446122,233,0
3.56,2412341,4542,0
3.1,4639918,2479,0
2.65,529623,169,0
7.99,6516192,30,1
2.67,3415071,994,0
6.47,5498983,139,1
7.86,9949328,152,1
3.45,662653,2228,0
6.44,8495399,85,1
3.38,3802093,766,0
7.07,120919,50,1
5.53,817599,69,1
4.2,2531046,1287,0
2.69,3354756,1410,0
5.73,3253474,136,1
6.61,2705826,128,1
3.03,4097227,4897,0
3.23,3356526,522,0
3.2,3390672,2064,0
3.13,4854125,1442,0
7.44,2334688,105,1
7.29,9574477,194,1
3.52,3053262,3990,0
6.36,9186060,45,1
7.63,2743002,47,1
6.35,2125244,136,1
4.5,4068574,398,0
2.51,777667,1187,0
6.54,1541491,98,1
7.75,6030703,159,1
3.38,2399553,495,0
2.8,4422512,3761,0
6.97,8401865,188,1
3.19,2122255,2977,0
4.37,2091708,2889,0
7.05,474918,146,1
6.07,4362909,123,1
3.05,3036426,861,0
5.67,3987081,118,1
6.21,5017544,193,1
2.82,4743880,2757,0
2.93,1840061,825,0
4.36,4041089,2624,0
4.06,2655507,349,0
7.03,1123468,66,1
6.94,1116918,108,1
7.67,827986,65,1
3.09,1616896,2580,0
7.71,6803106,52,1
6.13,3950945,199,1
3.81,4941220,3062,0
3.75,4878547,1891,0
3.42,2103602,652,0
7.66,7932632,199,1
2.64,1365554,2511,0
6.88,5834863,28,1
3.82,2060494,4994,0
6.2,471757,88,1
3.02,1582292,4953,0
4.07,1267862,1745,0
3.79,3019507,3364,0
6.41,1477240,136,1
4.23,875262,2788,0
3.32,1608077,1658,0
6.08,6375166,148,1
3.01,363108,2679,0
3.17,3799873,1155,0
7.0,9756126,152,1
5.82,6430952,23,1
6.87,9930397,116,1
2.72,1836039,1443,0
7.55,1566759,36,1
3.71,3421395,2167,0
4.09,3830282,4989,0
7.02,2085928,39,1
4.1,2833675,2010,0
7.35,6283812,169,1
3.83,140538,4944,0
4.15,3991011,1345,0
6.94,6525291,22,1
7.71,2830914,125,1
7.53,7671268,196,1
6.45,763330,120,1
2.58,473648,2925,0
7.92,8806370,82,1
3.53,2974479,2441,0
5.9,8641589,27,1
6.54,1077715,169,1
2.83,4958380,3306,0
6.6,9328269,124,1
7.29,6121013,120,1
3.67,4090921,3639,0
2.51,4664729,3675,0
3.75,3850286,187,0
3.68,2259626,4993,0
4.42,2966346,3593,0
7.16,8389983,41,1
7.27,7289998,59,1
3.09,609237,247,0
2.72,492907,4012,0
6.84,8372163,159,1
7.06,7180371,65,1
3.18,3044174,1437,0
6.73,6118074,88,1
6.12,5721415,61,1
4.27,1493342,2937,0
3.41,4255820,1196,0
6.5,1310430,94,1
3.64,1883468,1291,0
3.71,754556,1335,0
3.78,645597,2601,0
2.55,1723874,1722,0
7.63,7682443,76,1
3.41,276745,4670,0
4.05,120522,3138,0
5.6,7414319,86,1
2.56,267487,2129,0
3.58,141304,1832,0
4.26,3634432,137,0
3.09,265664,4984,0
7.4,3211133,63,1
6.52,317153,32,1
6.11,2775490,122,1
3.21,4328559,3281,0
7.31,2458817,26,1
3.47,1923015,2335,0
7.65,967419,57,1
6.64,2089529,64,1
3.43,3675200,2241,0
6.88,9464474,36,1
7.26,4430895,183,1
3.65,1308276,4246,0
2.6,3880875,408,0
6.54,2896540,21,1
3.01,1954786,2048,0
6.17,2172514,145,1
7.64,2767951,76,1
4.48,981146,1317,0
4.4,2640093,4635,0
4.08,4588175,4866,0
3.27,4498419,4461,0
6.05,4875564,39,1
7.23,2932740,158,1
6.68,6389159,27,1
7.97,5366743,67,1
2.53,4908183,3076,0
3.44,733512,4342,0
3.45,2317984,934,0
7.42,6849430,95,1
2.58,3143721,2609,0
2.63,3532182,2801,0
2.94,3035879,1233,0
6.83,8299997,150,1
2.6,2917894,1303,0
3.81,2482455,1648,0
7.01,1868939,136,1
2.8,1614108,184,0
3.83,2770007,170,0
6.69,597594,132,1
3.75,1712549,3764,0
5.71,8678114,115,1
3.26,3431921,654,0
3.02,3720924,285,0
2.89,668334,4834,0
3.61,1678386,3911,0
4.48,3380762,907,0
2.88,4840768,2998,0
7.94,5590030,37,1
2.74,2606403,4294,0
3.92,4744725,3697,0
7.72,6879367,77,1
7.83,5376671,194,1
3.29,3549764,1009,0
3.44,2813755,2339,0
2.72,2879104,1314,0
6.93,3425513,64,1
5.8,5544660,99,1
3.6,2153649,3744,0
2.52,4351916,2701,0
3.4,1809178,1591,0
5.71,8113646,130,1
3.55,4860101,1366,0
3.86,2263599,3098,0
6.42,666241,91,1
3.56,2051911,4764,0
7.79,6629039,127,1
3.96,990970,1064,0
4.43,318048,1888,0
7.06,403940,95,1
5.85,518443,51,1
5.58,9229877,54,1
6.13,907401,178,1
6.99,5148713,83,1
7.41,2851631,31,1
2.59,1710073,3009,0
5.78,6080593,24,1
5.94,5123970,153,1
3.91,825692,4554,0
2.96,779956,4181,0
6.03,3567766,44,1
3.55,1397856,341,0
2.65,1061424,941,0
2.69,4876379,3742,0
3.3,4757617,1170,0
4.07,4995638,3916,0
7.44,8889706,173,1
2.82,2345962,4539,0
2.95,2983339,1441,0
3.78,4461154,393,0
3.0,751132,4282,0
6.81,6827113,35,1
3.09,2426784,1295,0
6.37,2963744,59,1
3.01,1895604,1118,0
2.93,1785587,2304,0
4.03,498146,4053,0
6.77,3261492,72,1
6.46,7460934,158,1
6.71,2824183,105,1
3.73,177125,3649,0
3.88,4308206,923,0
7.83,999606,119,1
3.28,2273768,4847,0
3.91,1512780,588,0
3.61,4325710,3439,0
3.99,558026,1996,0
4.45,1852259,2124,0
6.44,6345845,99,1
3.19,3544598,1443,0
2.84,3193616,3608,0
2.55,1485711,4170,0
3.39,4108526,4945,0
5.67,3428236,79,1
3.44,4727837,3771,0
6.44,312863,94,1
3.56,4708192,339,0
4.0,3263379,3283,0
3.53,4233487,2321,0
7.87,7483521,197,1
7.57,368680,80,1
6.75,8946796,93,1
3.07,2067567,579,0
5.8,1509972,128,1
5.53,5563755,21,1
3.13,1303466,2396,0
2.87,4782242,4597,0
7.46,7319964,158,1
7.01,4260931,160,1
5.86,4620394,43,1
2.87,3903927,3383,0
2.55,16753,1948,0
7.58,7258039,179,1
6.05,8383615,183,1
2.64,1379838,3515,0
4.23,4299766,3430,0
5.87,8400722,186,1
4.05,3195758,3454,0
3.25,452223,2461,0
7.56,4449220,66,1
7.09,9320013,195,1
2.76,610052,4725,0
5.63,835978,29,1
5.62,5340515,35,1
2.5,362804,1837,0
7.36,8424161,40,1
3.73,4776672,389,0
5.9,2576614,45,1
7.52,4818377,123,1
7.17,6370754,160,1
2.98,1036503,288,0
7.59,4633326,44,1
2.53,712112,203,0
7.89,8178204,121,1
3.6,1215984,3414,0
2.54,2405114,2653,0
7.6,2435451,29,1
3.46,4862680,3599,0
7.74,5352581,169,1
4.26,3058855,4546,0
5.65,7909727,115,1
6.2,5210162,129,1
7.07,5076234,195,1
6.82,7003754,186,1
2.88,1879824,521,0
5.84,5757628,98,1
6.96,3418742,151,1
2.92,3563468,4226,0
3.99,4754978,3010,0
7.29,9216679,123,1
3.46,1436247,1860,0
3.86,1453151,4953,0
3.49,343129,1163,0
5.93,3629823,62,1
6.27,8845395,82,1
7.7,3572644,65,1
4.38,159203,400,0
2.97,495088,3459,0
3.1,4832121,1874,0
3.02,4055337,4681,0
7.81,3204438,77,1
2.75,4889734,3189,0
2.83,1882977,280,0
6.54,2980809,134,1
7.5,7932286,86,1
3.15,802409,4883,0
7.16,5907408,79,1
7.24,2925734,157,1
7.41,6191616,187,1
3.92,2072388,413,0
6.18,3389514,35,1
5.96,6311131,160,1
3.23,4686122,3994,0
3.15,4175774,1386,0
6.15,8609102,157,1
2.67,2109903,994,0
6.16,7796562,67,1
5.88,9734563,166,1
4.22,4297995,4810,0
6.41,9023547,93,1
4.28,2798595,2258,0
3.5,108344,1424,0
3.7,1739134,4781,0
5.97,9964935,153,1
6.28,881869,192,1
7.31,4771052,53,1
4.25,3922300,1067,0
7.54,6371265,117,1
3.74,4811839,4014,0
4.19,3507612,1207,0
4.47,1499171,3858,0
4.28,2361304,1979,0
3.65,1827386,3484,0
7.58,5078825,106,1
3.43,1659674,1637,0
4.06,2019021,2686,0
5.59,3527337,166,1
3.57,3718432,2405,0
5.51,729928,37,1
3.07,1412034,3332,0
4.15,3749044,326,0
2.94,2590044,3824,0
7.85,4588922,59,1
3.47,3705065,3883,0
5.93,9917377,122,1
2.89,2759657,1366,0
7.83,5794173,120,1
2.94,2930234,4259,0
5.81,3578767,162,1
7.98,7564600,100,1
2.72,630578,1502,0
3.7,4280294,3012,0
2.61,2935989,2787,0
3.01,2103176,1160,0
4.11,4421166,2116,0
2.87,4129769,4397,0
6.02,8745666,35,1
5.95,3834841,37,1
3.15,2029112,3093,0
7.33,3519750,91,1
5.72,6255290,185,1
2.86,132982,848,0
5.9,4024806,172,1
6.28,1485177,118,1
3.11,3222188,567,0
7.26,9121443,123,1
4.25,19446,1129,0
5.52,5519959,195,1
7.55,6351970,171,1
5.83,3583719,57,1
3.04,1207902,4712,0
3.94,1391337,359,0
2.66,2749343,4473,0
4.41,891090,3115,0
6.25,3790252,47,1
3.3,1209193,3636,0
7.87,3496367,127,1
2.92,3281716,4894,0
3.35,1313152,527,0
7.26,6435911,158,1
4.28,2044068,4898,0
3.62,378529,3798,0
2.53,2070459,1781,0
6.98,1099472,66,1
3.19,2447900,2394,0
7.39,7985807,103,1
4.32,2485468,4092,0
2.95,3752901,4569,0
7.98,9563084,49,1
3.06,376362,3999,0
4.25,2558799,1229,0
4.13,1777680,2616,0
4.3,282195,1111,0
5.87,6095872,145,1
3.26,103941,1817,0
3.34,4009464,1927,0
5.68,9730596,103,1
7.61,7528158,74,1
2.98,3262577,3960,0
7.79,2617425,49,1
6.45,3408370,166,1
6.87,4116974,122,1
3.13,1100238,1377,0
7.88,9724456,37,1
2.82,4990170,1358,0
4.11,3382291,3713,0
4.3,3179870,2091,0
6.52,8154356,126,1
5.89,8557534,41,1
7.03,9537200,113,1
3.19,219356,1112,0
3.97,1762680,4852,0
3.98,3572431,1587,0
5.63,8110655,193,1
3.89,3844372,2815,0
2.98,1411599,3618,0
2.98,927011,4375,0
6.35,6176027,60,1
5.75,4603774,76,1
7.94,6169303,197,1
6.05,2907805,82,1
2.67,3305592,1087,0
4.39,4251044,2446,0
2.56,4049364,3032,0
3.91,3704138,434,0
4.19,1731699,1240,0
6.36,1066894,96,1
3.7,1955347,1670,0
2.69,2384473,1992,0
6.79,7593752,165,1
7.59,5516210,51,1
2.55,251715,241,0
5.61,7644382,47,1
2.64,1561875,3381,0
7.47,4084262,153,1
6.3,2355927,94,1
6.41,7562216,118,1
6.79,7369717,78,1
3.51,1408440,4011,0
5.79,1188735,188,1
3.74,3844163,1793,0
3.48,3393058,3944,0
2.63,1914380,2149,0
8.0,9282957,115,1
5.69,6605226,144,1
3.42,1004512,901,0
3.52,3021650,2589,0
7.47,4421102,115,1
3.25,3949744,4094,0
3.2,1255355,2660,0
7.22,3011346,193,1
6.42,2922585,159,1
3.47,1004532,3601,0
5.88,3633648,41,1
3.46,2758712,4536,0
7.25,767125,115,1
5.77,2887466,65,1
7.85,6374224,186,1
7.2,4343191,29,1
6.95,2750735,199,1
4.05,520767,398,0
2.92,3939136,4234,0
2.77,4901184,4864,0
2.91,1495594,4402,0
7.48,6934967,45,1
8.0,8869268,194,1
3.21,1452065,208,0
7.05,1529837,92,1
7.86,4432305,139,1
5.73,4102882,109,1
3.3,2818311,1265,0
3.07,4215893,1630,0
7.21,7541895,68,1
7.35,2899806,198,1
5.85,6460892,45,1
7.42,9456279,88,1
6.98,2755505,189,1
7.71,7629095,82,1
7.33,8146506,82,1
7.28,4817181,112,1
5.86,9342006,197,1
6.92,5050088,140,1
6.38,7778825,134,1
7.83,5298849,189,1
5.86,7215163,48,1
6.55,7011676,198,1
6.33,7260251,123,1
3.56,1421617,799,0
6.4,2566527,177,1
6.51,8387597,162,1
6.09,3231794,163,1
7.57,2559025,155,1
7.42,8015070,45,1
4.0,749072,3875,0
7.06,6681392,98,1
7.45,9532348,178,1
3.85,2290359,966,0
6.92,7233461,136,1
2.57,4973663,3866,0
6.34,5841451,183,1
6.0,3290618,118,1
4.15,3880462,2170,0
3.2,4449628,1916,0
6.67,4722313,195,1
7.06,6233250,190,1
4.33,3703446,3066,0
3.66,2318978,2279,0
4.44,344013,2023,0
7.06,9239189,142,1
3.73,825063,4676,0
6.13,6723814,100,1
6.91,2492951,89,1
4.09,3650668,2823,0
3.25,590248,3739,0
7.12,4660445,166,1
4.21,1546682,2531,0
2.54,953219,422,0
4.25,914736,1712,0
6.95,468946,166,1
7.57,9306166,26,1
7.03,5811882,77,1
6.75,9639434,44,1
4.08,2538169,639,0
6.41,6999290,78,1
2.71,483287,4930,0
2.75,1365870,851,0
6.99,2862104,129,1
3.91,2610858,1403,0
2.6,4155063,4733,0
4.35,3571017,2359,0
7.18,212270,53,1
3.4,1599321,3325,0
7.69,2486445,144,1
3.17,3010797,3359,0
6.21,2988568,188,1
6.87,7686068,70,1
5.94,1670949,86,1
7.89,6714472,42,1
6.46,2980853,90,1
7.1,2593181,87,1
7.91,2699310,121,1
6.17,7570357,45,1
4.48,3155861,3972,0
3.0,226711,1728,0
6.52,6219222,82,1
5.55,5969532,47,1
6.45,6931082,91,1
3.45,708077,4971,0
4.26,2992342,2497,0
5.69,3068196,31,1
2.58,758197,1319,0
7.67,3046684,139,1
2.62,3710304,1891,0
6.42,1962130,140,1
5.79,3607241,27,1
7.49,3341627,139,1
6.33,7183886,118,1
3.48,3569185,1006,0
7.35,8521557,188,1
2.6,1925688,1411,0
2.67,215718,428,0
7.71,1934925,45,1
3.0,3736394,3920,0
6.82,8504965,173,1
6.53,3327448,147,1
7.8,3920792,59,1
6.41,2038274,117,1
2.68,3452013,118,0
6.2,6021961,112,1
4.44,853584,1828,0
2.99,3665310,4403,0
2.62,3121977,4651,0
5.97,5533823,173,1
3.24,2636474,4257,0
2.84,1087819,3612,0
2.78,2030133,2332,0
6.56,7459769,91,1
3.54,1339229,1968,0
3.72,2906275,1955,0
3.82,2823641,1821,0
3.47,3293594,2714,0
4.08,1205630,452,0
5.72,5381047,195,1
3.05,1875216,4852,0
3.63,1858747,569,0
6.35,4194656,47,1
2.79,4880524,2912,0
6.83,5621063,62,1
6.5,4370257,99,1
5.99,1509150,97,1
3.89,4778465,1404,0
7.88,7566188,73,1
5.92,1178511,177,1
7.04,8786248,168,1
3.94,944303,4589,0
7.99,7918825,39,1
3.55,1278333,2971,0
6.44,4529942,36,1
3.02,2498785,4399,0
3.37,3802232,1600,0
2.56,930751,1693,0
3.28,4232705,2123,0
3.07,2158851,2641,0
3.76,560586,2853,0
6.98,5972960,67,1
3.24,4223575,1468,0
6.53,3470349,20,1
7.17,8034521,170,1
2.92,153674,3588,0
6.13,2591618,120,1
3.55,2292383,2008,0
7.77,8076668,176,1
6.78,9926474,69,1
3.9,2462993,2972,0
5.75,5340778,196,1
3.16,1651677,851,0
6.11,3879934,20,1
6.74,5232369,170,1
4.23,841173,645,0
6.53,5935340,174,1
5.77,2734883,118,1
7.4,5694531,141,1
7.76,3110660,184,1
6.99,2597905,131,1
6.15,4420314,197,1
6.25,4384831,138,1
5.74,3190522,26,1
2.97,4348742,2851,0
6.88,2998156,159,1
2.85,561531,2742,0
7.54,9613473,158,1
6.09,181978,189,1
4.29,512609,1407,0
5.69,417776,133,1
2.98,3399019,2860,0
6.59,1510673,72,1
4.38,354172,3097,0
7.49,3368015,87,1
4.19,4011209,3865,0
2.8,1420177,1727,0
4.46,4428523,360,0
4.46,3583787,3078,0
5.7,1313959,187,1
6.35,3491979,94,1
3.67,3541544,4546,0
3.71,3905473,1140,0
2.59,618820,2537,0
4.32,2760168,4507,0
3.89,1971711,3418,0
5.58,6029568,56,1
2.62,2408067,4352,0
3.2,1763092,4660,0
3.56,2813990,1291,0
3.82,669188,331,0
2.99,3368791,387,0
3.39,4402166,4843,0
6.63,8109832,91,1
6.69,4846758,39,1
6.0,7153714,56,1
3.58,486646,503,0
3.17,702187,496,0
3.98,483403,858,0
3.43,1327800,3418,0
2.88,3364839,4450,0
6.64,4109741,127,1
7.51,9867416,181,1
6.17,9050646,87,1
7.24,6857930,95,1
3.98,621648,4672,0
5.96,6131588,120,1
7.42,9663596,175,1
3.31,217647,2664,0
7.28,5163770,142,1
4.13,4024362,3818,0
7.98,3863710,171,1
5.88,7689471,118,1
2.66,2764780,4915,0
4.5,3489943,4059,0
7.34,3963343,192,1
6.61,3716322,62,1
2.54,513908,4520,0
7.98,2999817,152,1
4.43,4105947,3743,0
4.24,3817448,3592,0
6.45,8375911,50,1
3.18,1165694,2967,0
4.46,433595,387,0
7.66,994645,154,1
7.58,1383932,112,1
7.51,9221594,195,1
4.22,1591736,4027,0
3.82,365719,634,0
2.55,4727599,4454,0
5.79,1370399,150,1
6.18,9665577,94,1
3.03,2003401,4029,0
2.53,154153,3279,0
3.36,2508372,2748,0
7.33,5846871,54,1
7.71,349255,68,1
4.43,3757697,4385,0
3.71,3473044,600,0
6.34,5613509,199,1
4.2,2205844,754,0
2.6,2788851,1930,0
3.46,1725656,637,0
4.04,206482,2119,0
3.68,4296094,3682,0
6.99,5770488,95,1
7.43,5898931,26,1
4.35,2393880,856,0
2.9,3306627,3228,0
4.43,3285279,1986,0
3.8,3677870,2184,0
7.74,127101,98,1
6.4,9554193,92,1
4.22,4317484,3610,0
4.06,1512157,3179,0
3.43,3024110,4914,0
6.1,9253584,52,1
7.79,7598135,115,1
3.77,3508035,1782,0
7.33,4549603,134,1
3.67,4981221,3322,0
4.37,3731844,3242,0
3.22,2185997,2213,0
6.0,2988900,115,1
6.9,9007970,53,1
2.58,1261860,4345,0
3.85,3842029,1315,0
5.73,3271744,32,1
7.05,6316942,113,1
6.99,4042828,147,1
7.18,3668527,49,1
7.91,4991528,34,1
6.98,7720988,67,1
3.6,3941342,4322,0
2.64,1749268,4660,0
3.54,2854729,1068,0
7.53,1234999,99,1
6.06,6327340,23,1
3.36,1101187,4000,0
6.47,4353494,186,1
5.72,5090784,45,1
5.81,8948361,170,1
3.81,2266672,4697,0
3.76,3817126,1770,0
6.77,9014743,138,1
2.6,511663,2692,0
7.83,9168000,50,1
5.98,857088,67,1
7.27,6521215,183,1
6.43,905285,22,1
2.99,4701348,3000,0
7.88,9926362,116,1
4.48,1345969,2864,0
4.32,1222435,3156,0
4.26,1240682,1247,0
6.08,1519509,173,1
7.41,6388776,31,1
3.26,4466968,3166,0
4.18,514363,3859,0
2.74,3278417,4185,0
3.62,3281066,834,0
6.3,1470633,85,1
7.96,8117384,116,1
3.48,2264529,425,0
3.79,4998714,4365,0
4.24,4735555,1070,0
7.63,9033996,185,1
2.69,4046079,132,0
2.58,1624495,4947,0
2.52,2562038,4774,0
2.56,4328083,3071,0
4.08,3312310,2329,0
4.33,2356325,4345,0
2.81,4198779,3387,0
6.2,695540,60,1
2.56,4174075,3976,0
3.28,3525462,1216,0
4.04,774356,3887,0
3.09,4612692,4436,0
7.19,8446022,29,1
6.9,5650167,91,1
3.62,4149912,913,0
6.52,5178729,20,1
7.34,9378191,122,1
5.96,8656583,60,1
6.52,1977162,28,1
7.89,1341476,131,1
3.37,3723610,4666,0
7.95,6770420,29,1
3.37,928928,1297,0
5.57,2158936,183,1
7.4,7207168,112,1
7.49,5575517,143,1
7.4,9068223,112,1
7.33,2228994,141,1
6.34,1939782,179,1
6.43,7553562,188,1
7.67,4617490,112,1
7.17,1441902,43,1
3.4,4873521,3653,0
4.06,4751302,3244,0
5.93,586970,130,1
6.3,2588525,38,1
6.92,2185470,148,1
3.66,230995,727,0
6.81,1776758,184,1
5.62,6665388,180,1
7.19,4611639,179,1
7.13,5265311,134,1
6.79,6501916,180,1
2.81,2267352,3543,0
3.36,1146731,1550,0
4.34,320511,1865,0
6.78,142937,178,1
4.0,4474714,1394,0
6.83,8324307,122,1
5.54,4986799,23,1
5.8,8150521,156,1
3.06,2307747,3018,0
7.86,4493182,41,1
6.81,5659390,26,1
6.59,5197939,25,1
7.05,299422,151,1
2.66,4371639,4486,0
6.41,4179638,32,1
3.94,299949,204,0
5.54,4102686,99,1
5.73,8927000,156,1
6.9,5766314,100,1
6.59,7397600,20,1
4.31,3483755,3196,0
3.08,4865529,4550,0
3.62,1832968,2418,0
6.04,5735834,91,1
5.87,2100932,53,1
7.52,318419,157,1
7.59,5251152,106,1
4.04,1203879,1383,0
7.01,3758075,65,1
6.04,1644684,87,1
6.07,3561993,20,1
2.59,3921665,3762,0
6.71,4435704,155,1
2.63,404095,1785,0
7.26,411476,113,1
3.49,3705749,1524,0
4.12,2020996,246,0
3.29,3629763,1009,0
2.6,464382,2024,0
2.91,2083103,1042,0
4.47,253179,2657,0
3.86,3542093,1188,0
7.76,8847348,176,1
3.49,4356224,640,0
4.22,4886593,2080,0
2.71,3238451,4596,0
5.5,2817231,167,1
3.28,4898488,1672,0
3.71,2114652,848,0
7.93,5015217,131,1
3.04,4738708,4763,0
2.79,1323357,3692,0
4.41,3221536,3795,0
6.32,2326065,137,1
6.72,4164793,27,1
5.58,5298656,161,1
6.44,1513631,117,1
5.88,4146323,109,1
6.73,8880902,73,1
7.25,3809071,22,1
6.4,3356545,47,1
7.99,9874302,151,1
4.48,1808953,2633,0
5.84,726347,101,1
3.67,3152238,4349,0
3.09,4644867,3090,0
3.82,1395119,4395,0
5.61,5273458,62,1
3.08,2599215,3001,0
4.39,4805142,196,0
6.29,6619344,74,1
3.15,3444292,4438,0
6.93,6095632,194,1
2.87,2107394,3173,0
7.29,5924279,69,1
7.8,9194271,62,1
4.43,2536421,4995,0
3.82,3745997,1753,0
5.85,1674199,138,1
6.82,778739,91,1
3.81,1600635,604,0
3.51,3150045,3869,0
7.67,3332220,92,1
5.92,1366917,108,1
2.84,1304449,2367,0
5.6,6730281,34,1
2.71,3476276,403,0
6.16,4401562,170,1
7.49,2587110,20,1
5.79,2599737,163,1
7.05,8735330,199,1
5.95,1385370,124,1
4.12,2197462,4560,0
4.09,3859704,965,0
7.83,1316538,118,1
6.6,858376,27,1
7.98,5507799,66,1
3.73,2324764,2056,0
7.46,2430167,71,1
3.79,1026711,1298,0
7.71,1310739,22,1
2.74,1790063,2943,0
6.78,6268608,36,1
4.41,4192775,4429,0
7.53,7612384,149,1
2.5,1347436,2117,0
2.54,18703,4849,0
3.48,2650424,627,0
2.56,2840656,1561,0
3.84,2863576,2044,0
3.75,1964767,943,0
2.59,2423875,1844,0
2.99,3054167,4712,0
4.3,2009129,4869,0
5.57,5120150,189,1
7.63,1157538,172,1
6.82,2192838,129,1
6.62,9959680,161,1
3.66,225051,3844,0
6.61,4851784,33,1
2.69,580875,3890,0
2.76,2903450,3521,0
2.58,3422257,684,0
6.07,3039180,63,1
3.59,92561,4568,0
2.6,4369692,812,0
3.62,869064,4160,0
6.41,7490387,195,1
5.76,8291437,153,1
3.11,2160869,3822,0
3.03,2999098,3229,0
6.11,831943,140,1
4.23,3119964,2827,0
3.63,1211442,3325,0
2.58,4501236,4653,0
2.87,2709484,3334,0
3.59,4548016,1503,0
7.34,2430930,23,1
7.2,8735979,106,1
6.43,2511240,86,1
2.73,2326604,3362,0
3.04,3860173,4197,0
2.94,4392134,1420,0
3.33,4054145,773,0
2.81,4071997,656,0
2.73,3607879,2082,0
6.55,2244214,59,1
3.54,2618202,491,0
7.26,3512832,98,1
6.57,6253753,136,1
4.14,574395,1431,0
2.98,1828114,853,0
7.57,4084043,194,1
3.16,1264692,2541,0
7.4,3875827,81,1
5.94,1918501,75,1
4.26,4228785,4316,0
6.29,6615467,22,1
5.56,2244310,152,1
3.89,3254796,471,0
6.43,9402465,72,1
7.55,6832874,97,1
6.68,9720860,191,1
7.37,5056315,187,1
7.49,8524649,93,1
6.13,9234235,127,1
2.81,4844760,3152,0
4.46,4167511,3626,0
3.26,3562356,2715,0
7.17,4866721,110,1
4.47,2749478,222,0
3.45,711773,4258,0
5.58,8099025,153,1
4.25,587093,796,0
7.22,5888556,74,1
3.44,2578795,4313,0
2.81,1422458,1623,0
7.9,6749165,186,1
6.42,7781620,83,1
4.29,2803779,4478,0
6.6,9552606,135,1
3.65,4337800,2092,0
7.47,5408793,174,1
7.4,9203626,187,1
3.18,4991793,2397,0
7.64,3434536,70,1
7.75,9948070,39,1
4.28,2411220,4037,0
6.66,5861336,177,1
3.62,4323295,3963,0
6.68,6761883,104,1
3.38,4440130,496,0
3.39,3200149,547,0
6.48,3566692,192,1
3.74,2782455,1077,0
6.84,3104731,151,1
6.82,5210804,94,1
3.62,476605,2154,0
6.25,2819122,54,1
6.14,6930106,142,1
5.64,677415,72,1
3.51,2581631,1498,0
4.41,4624945,2394,0
3.96,2099957,3780,0
3.65,1365426,4988,0
5.98,4578934,160,1
5.53,7246379,193,1
3.13,4159991,2731,0
3.25,4772360,4176,0
7.26,8750373,119,1
5.64,4503247,44,1
6.42,7269043,73,1
7.08,6660000,92,1
6.03,3714035,123,1
6.86,6876818,125,1
3.24,3335128,722,0
2.53,4479396,3108,0
4.21,1659661,798,0
4.26,2243592,1839,0
6.47,8249666,89,1
2.63,3732450,2282,0
3.54,1605989,1196,0
3.4,2772987,2419,0
5.58,1627580,84,1
3.58,4458908,2772,0
3.44,2722790,2478,0
3.48,4139260,3311,0
3.59,3213525,2803,0
3.33,549128,701,0
7.92,9128908,175,1
6.52,2920816,111,1
3.62,4394166,497,0
6.29,9569465,55,1
4.45,1949582,1423,0
5.73,5576570,116,1
3.25,2260450,2017,0
2.52,3221782,2641,0
2.82,3306006,4543,0
7.91,4606770,110,1
2.95,4271993,4871,0
5.98,7297971,90,1
5.55,2933923,149,1
7.3,2473005,83,1
5.79,9455831,45,1
2.88,4175884,3021,0
7.68,2702027,140,1
7.06,9301671,121,1
5.62,5407231,84,1
4.39,2911848,1717,0
3.84,4243235,269,0
3.49,930580,3505,0
7.81,9922885,137,1
7.11,4784461,75,1
4.31,1374235,286,0
5.79,2995470,28,1
3.13,3979947,674,0
6.08,5463684,196,1
5.65,9728201,191,1
6.61,4215311,174,1
4.03,1847914,1657,0
2.66,4468949,2522,0
6.87,2946606,24,1
5.88,2583913,90,1
5.83,6102686,182,1
2.98,3733600,4271,0
7.47,858666,135,1
2.69,4142396,1228,0
8.0,8300689,133,1
6.32,3593429,193,1
5.85,3715330,41,1
4.38,354779,4946,0
7.08,7096188,89,1
7.8,5160278,197,1
3.45,1244834,1192,0
5.82,8829626,140,1
2.83,3463438,3245,0
3.24,2509938,2762,0
6.09,7852021,25,1
7.14,5526423,30,1
3.75,1493395,937,0
3.64,3734375,4191,0
6.3,4930699,140,1
7.38,6627029,46,1
5.91,9747845,31,1
7.22,4981788,42,1
4.4,2470969,3779,0
5.51,6681043,127,1
6.33,7047635,181,1
2.91,1123020,1518,0
2.89,2900820,3337,0
3.74,54492,3284,0
6.81,7907502,157,1
7.92,3574267,24,1
4.26,4648309,4070,0
6.88,2155876,175,1
6.87,561118,31,1
5.61,2497702,193,1
7.77,7157400,98,1
4.02,3814683,3681,0
6.08,8308068,146,1
5.63,7293547,116,1
3.45,1774492,3301,0
7.27,4450298,28,1
7.7,3583459,104,1
6.97,5870666,184,1
5.75,9473820,35,1
6.89,9074390,49,1
6.17,1277258,172,1
4.33,2957282,2333,0
7.13,4058418,84,1
6.24,7780916,187,1
4.02,1114998,4318,0
3.25,4815931,323,0
7.51,509683,145,1
6.82,2530062,54,1
6.8,9935990,34,1
3.19,2630892,1115,0
7.05,9373329,52,1
7.37,2149185,44,1
6.02,4908011,131,1
4.44,4712695,3508,0
7.03,6572736,182,1
4.29,2104976,1831,0
3.24,1607240,2933,0
7.26,5753559,160,1
3.6,3565526,741,0
4.32,1591359,3454,0
7.85,8870219,41,1
4.45,2532362,2505,0
7.62,8042272,98,1
6.17,8725440,105,1
7.83,9685113,113,1
3.34,4501435,640,0
4.23,3992282,2602,0
7.74,3447015,55,1
5.64,3780981,124,1
7.28,8386839,153,1
5.51,6691031,134,1
3.11,3399346,4029,0
2.91,3213743,2661,0
6.81,7674716,49,1
2.59,2958653,907,0
7.09,1200772,28,1
3.5,1903005,3133,0
6.07,7306776,120,1
7.55,8032088,145,1
6.38,7029614,118,1
6.31,6988239,112,1
6.06,6900114,150,1
7.16,8128204,175,1
3.41,3856702,2054,0
7.3,2385947,95,1
5.94,9241640,100,1
2.82,436335,4165,0
4.47,3001187,1839,0
6.42,3436496,74,1
3.47,2631456,3904,0
2.77,1702469,2036,0
4.22,4727741,3644,0
3.33,2133574,1068,0
7.9,3913704,156,1
7.93,3107350,184,1
6.39,113127,197,1
6.89,1666389,156,1
5.9,2283457,130,1
3.1,2880338,2327,0
6.07,2715979,186,1
5.79,4690266,178,1
4.26,172577,1729,0
3.42,903944,2623,0
7.14,2753282,180,1
5.75,3579386,194,1
2.66,724381,4199,0
4.24,4784810,3675,0
7.19,8927277,154,1
2.54,3229665,426,0
6.3,6949518,86,1
4.44,1138154,376,0
6.77,2160460,175,1
5.99,4691500,165,1
3.2,2823672,1760,0
6.49,6195558,74,1
3.04,4357334,1404,0
4.48,1741128,2417,0
2.5,3798954,1314,0
2.93,3372067,1889,0
5.96,2683769,81,1
2.98,730469,4130,0
2.77,520573,3197,0
3.73,4593665,1069,0
3.31,1987650,2249,0
4.28,3516603,4989,0
7.61,6692185,139,1
7.2,4377665,38,1
5.94,2902649,199,1
6.11,2470465,134,1
6.21,2046289,184,1
2.88,2028740,152,0
2.74,1868133,362,0
5.92,1551023,81,1
6.19,4994933,145,1
6.02,5397862,182,1
6.01,2047516,28,1
4.48,1344558,1268,0
3.97,4530424,432,0
2.9,4577620,4351,0
7.1,4050549,180,1
6.77,8550983,131,1
2.6,2397881,1817,0
7.35,9948814,140,1
5.6,6093272,30,1
3.22,2989274,2360,0
5.61,8244015,185,1
4.32,3899820,4741,0
4.0,2928168,1019,0
3.25,3703196,2110,0
2.88,1157178,2047,0
6.11,3233725,153,1
6.7,6153825,146,1
7.51,5498298,182,1
3.42,3483320,3847,0
6.08,8652897,38,1
2.71,2101058,4204,0
7.41,4267619,199,1
3.08,4613839,2368,0
3.89,404011,3772,0
4.05,2409747,3060,0
7.51,6109142,102,1
6.28,9128148,71,1
6.78,644492,119,1
3.09,852102,2057,0
5.86,3685184,172,1
4.15,1408936,4067,0
3.25,3755148,779,0
4.2,3944719,1179,0
5.55,2050618,105,1
3.78,2491217,656,0
7.5,4262895,100,1
4.45,888575,1713,0
3.85,3535103,3166,0
5.66,1612082,110,1
4.0,4991097,1651,0
7.92,3520492,71,1
5.91,8701161,39,1
6.17,9901510,101,1
2.69,4511742,646,0
4.28,2399252,890,0
4.0,3008195,1387,0
6.77,6163492,100,1
4.42,1498036,277,0
2.58,4540533,2293,0
2.96,2047645,570,0
2.72,2919497,1126,0
3.2,4035525,1324,0
7.25,1922874,21,1
5.71,7135998,169,1
3.6,3617459,4176,0
4.42,1855004,2936,0
5.95,8431178,112,1
7.63,1436548,98,1
5.91,559285,117,1
2.99,4787168,378,0
2.61,2129441,875,0
6.25,3803177,188,1
2.72,3431292,2667,0
6.39,5335225,145,1
4.13,4937276,4991,0
7.39,184280,74,1
6.66,9180414,82,1
4.06,697919,4039,0
7.32,1818951,56,1
5.81,2174109,59,1
5.55,5096749,161,1
7.02,328181,74,1
4.32,4595001,4870,0
3.97,1223671,1112,0
4.27,578201,2177,0
3.83,2466548,2260,0
5.92,5440490,48,1
7.67,3826926,115,1
6.46,6190916,196,1
5.68,694114,112,1
2.99,3918638,347,0
6.97,6066205,23,1
6.23,6678849,127,1
4.07,2116364,489,0
3.8,3326005,1088,0
7.59,6303346,151,1
3.51,4282086,196,0
3.76,320880,217,0
5.6,9995716,143,1
4.32,2894072,1335,0
3.87,2101910,2083,0
4.11,3750325,1241,0
4.26,3768294,716,0
5.79,6699415,107,1
2.77,1100385,1624,0
3.58,172005,4549,0
5.65,4662202,75,1
6.14,2614007,142,1
4.17,51877,4355,0
4.32,985153,3551,0
5.76,2402045,168,1
6.9,7647085,166,1
7.38,5857991,38,1
3.78,3848713,166,0
3.74,675753,1351,0
7.98,4487099,127,1
3.69,4372881,3553,0
5.74,3070908,68,1
3.14,1516169,1551,0
2.82,1899409,897,0
6.6,6663183,43,1
3.31,1234779,691,0
5.58,428017,84,1
6.66,679578,158,1
7.9,317003,159,1
4.24,4053858,3196,0
3.96,4284181,3382,0
7.55,3552046,178,1
7.61,5120078,47,1
6.3,6458792,67,1
3.16,3560311,3622,0
7.36,8366809,130,1
7.53,8057155,96,1
4.42,3825203,2115,0
7.64,6594511,163,1
5.89,9824803,33,1
3.73,1653526,1433,0
2.98,4736391,227,0
7.42,3790845,124,1
6.74,1598436,155,1
3.6,3783851,2952,0
2.87,4958846,2587,0
2.92,4805055,2291,0
7.05,7283416,102,1
5.51,6181322,37,1
6.67,6049725,53,1
2.95,3342452,353,0
6.98,6520746,166,1
4.22,3677065,2690,0
6.9,1467812,182,1
3.62,3601086,1269,0
5.95,9539605,156,1
2.58,4481071,2177,0
4.16,4492922,2428,0
5.79,5034434,118,1
4.07,3554547,3267,0
3.51,491452,2089,0
6.68,893249,190,1
2.77,1793443,1426,0
4.23,4887376,4588,0
6.79,1696449,191,1
6.67,3174132,160,1
3.24,2450332,1921,0
3.59,3193810,3124,0
5.95,9181374,144,1
6.01,1021861,135,1
7.93,3736213,38,1
2.75,3495472,2734,0
7.82,9685300,148,1
3.81,444576,345,0
4.24,3438670,2778,0
4.03,2999969,2698,0
3.17,3717639,2444,0
6.67,2874558,122,1
4.32,1988732,1936,0
3.38,2310041,2639,0
7.57,3203239,42,1
3.32,510146,240,0
2.53,1678339,1995,0
2.63,2392199,2155,0
4.12,1603696,2418,0
6.88,5911765,133,1
5.91,8658327,181,1
4.06,2982435,1200,0
7.11,9946124,89,1
3.44,4381996,3957,0
7.37,5418246,149,1
4.44,4545072,2082,0
4.09,4935725,4910,0
7.22,3848068,89,1
6.16,6937890,20,1
3.9,355040,482,0
6.11,1247729,165,1
2.98,1284977,621,0
2.82,911659,3702,0
3.75,3297206,1186,0
4.32,68848,1677,0
3.24,2366523,4038,0
2.62,3747828,3089,0
6.82,442632,52,1
5.6,1355334,119,1
7.82,9294977,45,1
2.83,667396,4823,0
2.65,2565106,976,0
6.99,8261324,164,1
4.21,3982993,4685,0
7.94,4979787,44,1
6.04,5214159,190,1
5.94,224208,99,1
6.89,994539,104,1
6.74,9522623,158,1
5.81,9177455,51,1
3.62,815425,1725,0
4.03,177684,666,0
6.0,6672735,195,1
7.21,7657127,32,1
7.17,4335893,186,1
2.67,2124629,2399,0
3.37,4393849,1779,0
4.15,725440,234,0
3.06,1085363,2846,0
3.11,4953832,4772,0
3.03,3124713,4498,0
3.13,1036486,3317,0
4.34,2966669,4988,0
3.16,2919346,276,0
2.93,4576152,342,0
3.21,2191362,3051,0
2.75,3696680,2348,0
4.48,3477875,4382,0
3.7,2102499,4955,0
6.25,1629162,61,1
6.04,7926846,103,1
4.34,228350,1977,0
7.97,9331519,163,1
2.6,1108932,2352,0
7.46,1716470,54,1
7.71,175558,179,1
7.88,2788466,116,1
6.81,6291030,49,1
6.35,6584795,137,1
5.9,9861915,175,1
5.67,6096950,66,1
7.93,3007472,42,1
3.66,733994,2532,0
2.77,696462,1895,0
5.51,877718,187,1
3.41,2620539,1367,0
7.81,3967013,149,1
4.17,2667911,2504,0
3.05,4301773,3094,0
7.91,9960894,167,1
7.41,8038458,190,1
6.51,6417388,43,1
6.2,4140394,42,1
2.72,926565,4851,0
7.4,9861309,116,1
3.04,3088158,4429,0
6.74,5345868,181,1
3.37,2187094,1427,0
8.0,9203839,142,1
4.36,2013559,1328,0
3.76,3119700,4627,0
7.85,3803184,172,1
2.75,3324276,2050,0
5.76,3625134,75,1
3.1,1538263,3164,0
7.77,3991824,63,1
6.91,6416520,94,1
6.54,3646411,101,1
3.03,2450185,1622,0
6.99,2949345,185,1
3.46,3692826,500,0
7.08,9250182,148,1
6.29,8748485,181,1
6.35,4938128,61,1
7.66,4024578,188,1
3.69,4646824,1990,0
5.71,6793598,157,1
6.47,4119019,157,1
6.88,6290982,57,1
7.59,9998462,78,1
3.29,455441,4373,0
2.84,703795,376,0
6.77,9473818,111,1
7.12,504897,46,1
5.69,100177,149,1
5.95,2565835,80,1
4.12,3514959,2954,0
3.48,1479678,2284,0
3.85,3116930,2881,0
7.96,3066474,183,1
3.14,1338021,3357,0
2.51,2709887,4458,0
5.62,2559551,93,1
3.21,4876532,2087,0
2.83,2115487,2218,0
6.26,1035520,31,1
3.97,4144647,4099,0
7.06,843957,187,1
2.65,3557323,493,0
5.66,201165,118,1
6.89,6181116,198,1
7.1,1674067,119,1
3.63,4170250,939,0
6.08,8604135,28,1
3.58,3723879,3535,0
6.36,1637000,101,1
3.32,4968790,4876,0
4.06,3129629,2483,0
7.8,7753319,25,1
7.27,6310905,199,1
3.01,3869565,2756,0
3.26,2807152,2134,0
6.23,8194165,153,1
3.69,4026392,3703,0
7.44,218668,157,1
6.16,676673,121,1
7.11,5092575,90,1
3.35,1511754,433,0
3.31,1608675,2596,0
3.61,3981577,2368,0
6.96,3308455,101,1
7.98,5910031,155,1
4.08,2247733,1103,0
7.96,6904454,196,1
6.98,279070,54,1
7.62,6583930,20,1
6.78,5421744,130,1
7.11,2552369,68,1
7.86,1242327,152,1
7.48,5865251,24,1
4.4,4515014,3655,0
7.14,3237231,153,1
7.14,3648535,169,1
7.05,3801389,171,1
7.2,3381929,194,1
6.13,9980229,147,1
3.67,4192142,4983,0
3.2,301933,4400,0
2.54,224082,3271,0
6.69,2202427,84,1
3.77,435659,3130,0
2.73,3061574,1411,0
5.6,3775644,154,1
3.48,693940,4779,0
7.43,2375972,189,1
3.06,1028239,966,0
3.1,2624531,3100,0
6.28,8002049,113,1
6.25,7523174,139,1
5.82,1761976,165,1
2.55,623021,1253,0
3.25,1671625,2631,0
3.62,2398003,3086,0
2.67,1818905,4784,0
6.94,8616915,93,1
5.51,2826455,20,1
3.61,3074043,4665,0
4.16,4691569,4496,0
7.74,2385316,84,1
6.56,2362437,31,1
7.78,3893141,192,1
4.06,3028029,3875,0
7.26,5455259,26,1
4.41,4404035,4348,0
3.29,3924885,1764,0
5.51,5029704,51,1
3.69,323818,214,0
3.27,1602574,3892,0
6.22,5837709,67,1
7.24,6233833,93,1
2.67,4840596,3514,0
2.98,1581989,3376,0
5.73,8822025,116,1
2.63,1484495,4973,0
2.87,3075258,109,0
5.94,4670581,144,1
7.14,8251322,20,1
3.08,4153341,4347,0
3.84,1479771,3760,0
3.97,2259295,2775,0
5.79,3282234,177,1
4.24,4514341,2111,0
6.85,7762631,50,1
7.78,7914576,92,1
5.8,6282965,171,1
5.6,7677806,172,1
7.67,4781376,79,1
2.86,2058072,855,0
4.48,2341092,224,0
3.4,4587983,3713,0
3.03,4812962,4802,0
4.42,1879625,266,0
6.93,8341616,122,1
6.27,6329605,146,1
2.9,3267744,3991,0
6.74,6507162,30,1
6.95,1180720,21,1
4.13,2672790,1557,0
3.54,1819890,476,0
6.12,3967916,129,1
7.36,3005395,193,1
2.88,1835172,405,0
3.35,1797644,707,0
2.59,2771072,4903,0
2.75,3287593,3129,0
7.34,4514181,66,1
3.3,4364339,464,0
7.7,3519758,120,1
4.23,2353671,3013,0
3.29,4281178,789,0
3.65,1362971,2543,0
3.67,174473,2086,0
6.69,3511256,93,1
7.01,4022832,140,1
6.04,8319666,162,1
3.11,1168397,3998,0
4.33,1410688,4086,0
2.99,3067691,793,0
7.71,1212210,153,1
3.51,431926,870,0
3.11,2099630,187,0
4.41,2650204,4743,0
3.55,4386008,1933,0
3.89,113181,4411,0
3.91,2117422,4127,0
6.7,2053493,90,1
3.12,2810924,1176,0
6.19,8889057,46,1
4.13,2828335,3585,0
6.32,2208141,144,1
3.03,1027608,4325,0
5.8,2667411,143,1
6.31,6645070,194,1
3.72,3175069,3087,0
3.63,1360108,4025,0
2.96,3718458,4116,0
6.89,500586,134,1
3.68,3494809,2013,0
3.71,4445136,2989,0
7.28,6015657,98,1
4.42,331156,4516,0
6.01,2878078,183,1
5.53,3385726,92,1
6.69,538527,59,1
3.6,421429,2211,0
2.64,2793181,1210,0
5.67,8662407,35,1
3.96,2751603,3100,0
4.04,1542773,3656,0
6.0,7611809,194,1
7.29,9980377,69,1
7.41,5358052,115,1
7.93,7016396,33,1
3.47,4439811,4172,0
2.9,4764290,2590,0
6.42,4012598,46,1
2.63,4165558,331,0
3.64,4439534,3977,0
7.84,3967063,64,1
6.43,2338482,62,1
6.26,3073857,80,1
2.81,988575,3275,0
4.28,4206427,3306,0
5.9,2401906,29,1
6.93,5965060,96,1
3.19,342030,4364,0
3.14,3075916,3223,0
3.86,2354486,4023,0
2.64,4393239,1046,0
6.26,1556330,25,1
5.78,4340933,126,1
4.09,3682873,359,0
5.66,6872000,28,1
2.88,1686739,2071,0
3.48,1289948,2347,0
7.76,9743468,135,1
4.24,2037780,1508,0
3.85,3690921,786,0
4.39,3554196,1162,0
7.53,8830012,91,1
2.86,3796182,3107,0
3.23,4946818,2646,0
3.76,4962976,3502,0
7.84,8707764,149,1
7.31,5818867,115,1
5.51,4808463,178,1
6.42,7332846,30,1
4.34,292982,1201,0
7.05,7384258,123,1
4.1,2805640,2170,0
7.62,4155307,147,1
7.16,7069847,184,1
6.13,5425558,29,1
7.67,7277550,27,1
4.03,4963825,3803,0
3.94,1129916,3769,0
5.99,5652122,192,1
7.99,6508978,90,1
3.31,3736639,546,0
3.34,4446997,1772,0
6.75,9154093,51,1
2.63,858319,3980,0
7.11,8032284,168,1
6.87,9630909,144,1
4.1,1927822,264,0
4.16,1892224,1560,0
4.34,1869330,377,0
6.96,4577135,119,1
7.44,9935169,82,1
5.85,9069798,59,1
3.78,4466309,3414,0
3.45,3329863,4313,0
4.48,733814,3569,0
7.23,6384175,54,1
5.74,4009951,168,1
4.06,2007807,1663,0
4.21,4102683,2922,0
5.84,6564679,185,1
3.45,1596365,2888,0
4.31,803829,2660,0
3.12,3148803,4456,0
3.66,4100859,248,0
7.4,9320417,92,1
7.38,6800849,174,1
2.52,412072,954,0
5.59,3869525,118,1
3.53,1556512,1057,0
7.21,9643677,37,1
4.11,1720536,1676,0
4.36,4180810,3883,0
7.83,7748614,71,1
6.42,5591318,196,1
3.75,75525,2071,0
5.78,8633360,61,1
3.02,989751,4882,0
7.52,6352317,119,1
7.28,3624661,190,1
3.84,2353967,4072,0
7.47,5712526,147,1
7.66,2581955,33,1
3.72,4248041,3568,0
6.97,6112903,33,1
3.66,2546547,3900,0
4.08,2827170,837,0
6.72,3181000,82,1
3.56,1441547,2128,0
6.42,1250398,37,1
7.31,8331015,129,1
6.62,950614,116,1
2.84,2231479,879,0
3.75,3665913,3322,0
4.12,4924809,471,0
7.37,4015574,181,1
2.87,3214675,155,0
3.79,119138,4066,0
6.57,4597528,77,1
2.86,2843015,3731,0
7.71,7262572,117,1
2.81,2192964,682,0
3.35,39815,2862,0
7.03,9600996,69,1
3.98,2338485,835,0
3.84,2906820,4060,0
3.89,4583433,4173,0
5.89,3212103,91,1
3.52,4906936,2049,0
5.89,697057,134,1
3.53,1072985,237,0
4.21,2428845,3915,0
5.59,9922984,59,1
7.75,7317416,89,1
6.52,3126097,49,1
3.94,4844452,1913,0
7.15,2236050,161,1
3.93,96810,1566,0
4.15,2967976,3090,0
3.33,4311830,4090,0
5.92,5531156,136,1
4.3,1856467,527,0
4.17,3155647,4825,0
7.4,2570914,169,1
7.12,2230297,157,1
2.86,1629619,2085,0
5.92,5104087,137,1
3.82,1376817,2136,0
3.2,1339881,3847,0
4.16,4972054,2099,0
3.07,1533684,846,0
7.67,8276669,163,1
4.26,764507,2529,0
3.25,3765267,3588,0
3.67,281688,2672,0
6.78,7334380,183,1
6.93,8475113,171,1
3.33,4371221,2849,0
4.29,2352250,2396,0
5.97,6843839,135,1
4.39,4388063,727,0
4.06,2797475,2193,0
6.76,1534684,169,1
6.03,9976844,40,1
5.81,6964380,109,1
2.78,3034923,2440,0
6.39,9914006,36,1
4.0,2013035,4249,0
6.61,2780987,41,1
6.26,8062344,173,1
3.1,1746702,1997,0
7.03,5060215,82,1
2.53,4765601,166,0
7.29,3414498,53,1
2.89,3751015,440,0
3.72,3612027,1416,0
3.06,3859428,2649,0
3.58,522117,1561,0
6.86,2446212,78,1
3.55,1662418,216,0
3.64,4874504,2199,0
4.29,227519,1672,0
6.67,5069669,22,1
6.73,2821243,56,1
3.14,1571231,2568,0
7.81,6935854,96,1
3.31,749533,3618,0
4.21,1197289,3650,0
3.4,252883,2983,0
6.78,8568920,81,1
5.52,1166602,35,1
4.47,768294,3438,0
7.46,333147,26,1
2.98,2048539,1751,0
3.39,3035457,1986,0
3.39,4536104,2295,0
7.08,6684127,130,1
3.26,3395890,2720,0
6.97,8747263,196,1
3.93,929923,2407,0
4.42,2065332,1204,0
6.6,2874185,96,1
6.62,4232054,100,1
6.46,4361384,198,1
3.79,1899700,1034,0
5.88,5516305,191,1
6.4,4014796,88,1
6.3,6485778,127,1
5.51,4607326,56,1
4.36,1144155,1000,0
3.36,926669,4754,0
3.46,2958489,154,0
6.26,2681753,181,1
3.62,2151167,3891,0
6.59,9273424,68,1
6.11,3870584,153,1
3.28,866711,2763,0
6.58,2042587,38,1
6.6,8766318,34,1
3.93,4742907,3841,0
4.19,3549776,3817,0
2.68,3432081,746,0
7.17,2631521,46,1
2.62,3577919,3528,0
7.2,3279386,168,1
6.08,3188809,32,1
6.59,9687324,91,1
2.59,1864969,3276,0
7.78,724462,86,1
5.97,1987587,172,1
3.22,1661722,4513,0
4.33,1586905,2703,0
5.82,7962952,193,1
3.94,4030939,2514,0
5.84,5637683,178,1
2.92,4581501,1297,0
3.03,3428713,2096,0
5.75,4599965,94,1
6.55,9713081,112,1
6.55,4070173,46,1
4.02,4472937,3325,0
6.82,7142563,48,1
6.35,6941711,187,1
2.82,690577,3861,0
4.45,409161,3359,0
5.61,8046416,192,1
3.34,2065261,2912,0
7.52,2118329,185,1
7.05,5484542,97,1
6.52,6860364,66,1
4.02,1233711,2292,0
7.72,8910994,192,1
7.16,3007728,106,1
6.57,6805517,37,1
6.86,9616096,61,1
6.28,1605295,196,1
3.19,396292,4590,0
7.85,5017370,179,1
6.55,5925166,87,1
6.76,9155656,20,1
2.55,2533019,3981,0
5.68,321315,85,1
2.56,4111614,4293,0
6.74,1137904,117,1
6.84,2120632,49,1
4.16,4990873,4660,0
3.61,294620,2627,0
4.15,3017222,3094,0
3.03,995532,4357,0
3.44,583489,3033,0
3.67,3107843,1837,0
7.99,6422157,166,1
2.55,4555911,3939,0
6.63,9310260,107,1
7.47,2085118,195,1
7.75,1687590,127,1
3.92,4718447,1835,0
6.01,3787912,132,1
6.47,3369356,118,1
4.1,3131090,4357,0
2.93,4382595,888,0
6.2,7961979,102,1
3.6,201226,3276,0
6.24,5143209,188,1
7.74,2450451,113,1
6.48,5063266,49,1
2.67,253941,2546,0
5.54,7878998,27,1
2.87,4078603,2489,0
6.07,4570992,163,1
4.39,4768628,4941,0
7.74,2864626,26,1
7.79,8749072,84,1
5.95,4432443,139,1
7.15,6711704,158,1
5.5,4315234,168,1
6.33,6576636,157,1
2.55,4065646,1875,0
7.39,3715986,66,1
2.79,4300938,1298,0
3.24,3834990,3551,0
3.13,190985,2035,0
5.58,7520823,159,1
3.92,4773235,4134,0
7.1,4727954,45,1
2.53,1110187,3778,0
6.32,1081118,76,1
6.64,8416885,142,1
7.75,6755512,45,1
2.66,599159,1827,0
7.98,6401135,183,1
4.34,3611888,1459,0
6.15,4369769,109,1
5.54,2989856,45,1
5.65,3195677,82,1
3.37,4818564,297,0
3.34,4103144,940,0
3.32,1829401,3200,0
2.63,3525698,1143,0
3.19,3076719,3899,0
6.71,9148813,147,1
3.22,2640469,2066,0
6.24,3683150,178,1
3.88,1269781,628,0
3.24,2513476,1094,0
3.52,2706069,1780,0
5.65,8084074,181,1
3.39,1839550,1073,0
4.34,4559198,2422,0
7.81,3746020,83,1
6.97,2251374,100,1
4.18,2027902,3433,0
6.01,7161921,103,1
2.91,2191099,1121,0
6.17,5328471,142,1
6.32,2445212,58,1
3.03,3096527,3911,0
6.96,4126978,99,1
7.55,5425680,97,1
7.15,3945992,105,1
2.68,4696292,3030,0
2.51,1590675,1984,0
7.5,5100171,179,1
3.04,1261478,2038,0
6.19,4741423,28,1
2.77,1203958,4675,0
3.73,2130001,1302,0
7.87,4643268,143,1
4.43,3506698,1052,0
3.75,490568,1097,0
4.21,137739,3351,0
4.2,1875183,4642,0
3.04,343471,2283,0
4.18,4388998,4967,0
6.94,2893345,146,1
6.44,3346845,194,1
3.03,2510154,1014,0
7.77,7042807,103,1
2.72,4437187,653,0
2.87,3693411,950,0
3.18,2184811,1519,0
6.59,7873176,132,1
2.66,3503459,2739,0
7.99,9329031,23,1
3.76,4509150,4030,0
4.32,3825115,546,0
6.11,8515937,147,1
6.84,5308321,186,1
6.65,981126,115,1
6.39,8927799,41,1
5.69,5488349,45,1
4.2,3115389,1440,0
4.12,2885226,3576,0
6.97,4857756,63,1
3.55,4261838,1828,0
5.86,8698908,137,1
3.14,3652011,2128,0
7.81,673528,41,1
6.46,1691956,77,1
6.86,4571145,41,1
4.22,4702080,3001,0
4.44,2540336,1024,0
7.31,1696062,118,1
3.6,4210438,1554,0
7.44,3816964,180,1
7.51,3624801,69,1
6.39,3834922,191,1
7.8,2015753,101,1
3.49,789186,4415,0
3.98,1417256,4281,0
7.42,7747552,129,1
3.15,1458578,1053,0
7.49,2221819,144,1
2.76,1236718,2153,0
7.58,7137373,91,1
6.44,653381,61,1
7.43,9261578,60,1
3.93,1607081,4801,0
4.0,4325572,1671,0
4.14,1374896,2308,0
3.02,2909828,2159,0
6.42,5051987,39,1
6.63,514186,124,1
6.79,8793241,66,1
7.87,9664911,95,1
7.16,545958,88,1
5.92,2085163,38,1
4.4,2885547,4342,0
2.94,1965625,2320,0
7.49,2030007,145,1
3.24,2061421,3707,0
3.28,2725188,2403,0
3.71,736637,3180,0
3.33,2495390,1759,0
3.88,1378756,2294,0
6.1,4311518,155,1
6.6,3297243,94,1
2.61,411089,4798,0
4.26,1555104,1785,0
6.57,4479490,171,1
3.29,449220,2876,0
3.94,2366874,4650,0
7.49,2212291,190,1
2.62,1247883,128,0
3.04,2191688,438,0
6.83,8845569,153,1
4.38,639625,4630,0
3.39,358330,2862,0
3.8,1661297,585,0
6.97,4350143,141,1
4.31,4821753,4199,0
5.87,1580840,110,1
4.13,2673447,4063,0
2.65,1725479,3612,0
3.86,1018133,4476,0
3.25,342383,2842,0
7.15,5039761,168,1
2.65,3047619,3584,0
2.93,2492388,4456,0
3.7,4656307,921,0
2.88,2534333,2248,0
7.3,5839261,170,1
3.99,4901393,587,0
5.97,1894166,54,1
2.9,88029,2385,0
2.61,2869395,4313,0
6.89,8442389,161,1
5.86,6793833,34,1
7.97,875641,48,1
7.17,5033813,73,1
7.59,8316494,37,1
3.59,2716875,2431,0
3.04,1419809,1983,0
3.67,229798,1321,0
2.81,3454099,133,0
7.51,5416626,197,1
6.16,9936784,167,1
7.77,1627942,42,1
7.06,5268211,97,1
3.31,747093,1281,0
6.73,3713991,57,1
4.0,3132337,2533,0
3.72,2372655,1596,0
3.05,2831511,2229,0
3.3,4887095,3942,0
5.59,3321871,187,1
6.35,3863391,145,1
4.39,4760134,4311,0
3.77,2693516,2501,0
3.54,3190519,1258,0
6.43,5284629,39,1
2.53,270650,1706,0
5.51,5574703,77,1
2.87,2560442,4661,0
3.49,1586585,3354,0
5.83,5491541,93,1
2.82,4590149,3047,0
3.61,4403285,873,0
2.75,3920114,4238,0
4.44,452600,3982,0
6.23,4008525,151,1
5.71,9408710,154,1
4.25,275298,3622,0
3.3,3137003,3287,0
3.84,955072,2958,0
3.92,1727705,2079,0
3.71,3516846,1738,0
3.96,1486423,2914,0
3.29,3161458,1895,0
3.55,2279785,4327,0
6.16,8817031,145,1
4.02,20912,3408,0
2.64,4767601,1456,0
4.5,4883513,901,0
7.83,542483,161,1
7.43,8626737,23,1
4.17,4656473,1229,0
3.66,2040060,3368,0
3.59,2828676,2010,0
2.73,1269643,2959,0
6.95,5408746,26,1
6.25,3978224,140,1
7.04,5349676,159,1
4.45,117263,3726,0
3.44,2519877,3058,0
3.01,4156437,454,0
3.24,388465,4321,0
4.07,600138,2864,0
7.83,6819364,167,1
3.14,626212,4849,0
4.11,2114763,2952,0
3.81,3280623,2239,0
6.53,7902994,128,1
3.14,3171319,1573,0
3.95,1081633,3963,0
2.99,1516467,3986,0
6.27,9572250,74,1
7.79,9123602,115,1
4.45,1561605,2231,0
7.46,3073901,79,1
7.11,5674828,169,1
7.89,1167599,66,1
3.69,3797395,2893,0
6.03,3505239,32,1
5.87,2823321,109,1
2.54,2334446,2357,0
6.04,6475541,44,1
4.39,1864040,4706,0
6.86,5338642,52,1
7.59,9755798,97,1
5.62,2605620,141,1
7.66,1541063,182,1
3.43,1351730,2948,0
3.26,2758104,530,0
5.8,9925983,82,1
5.6,8250045,112,1
4.31,4411871,3807,0
2.71,141664,3575,0
2.79,1279285,2222,0
6.75,2959985,137,1
7.07,6646488,27,1
6.13,1041660,64,1
2.91,3192660,3739,0
3.38,3263546,1142,0
7.19,2255330,56,1
2.66,4593291,1606,0
2.94,4997878,1866,0
3.13,3510902,4421,0
6.84,2322200,61,1
6.16,8811242,103,1
7.05,1748624,60,1
5.85,8482384,35,1
7.86,9078406,121,1
6.7,4979497,106,1
3.01,1534566,2222,0
5.54,5030641,86,1
3.6,4140746,383,0
6.22,8941398,158,1
7.5,2254403,113,1
2.78,3106113,2963,0
3.84,2060520,3392,0
4.44,768784,4318,0
3.93,3580172,1464,0
3.9,2111307,2331,0
5.61,9762312,106,1
4.15,2282290,4168,0
7.26,7192723,20,1
7.7,5959067,136,1
3.9,2463675,2634,0
7.94,1379007,82,1
7.24,7968672,51,1
7.47,8091865,91,1
6.04,4144621,46,1
7.13,5305483,41,1
5.77,5704178,59,1
3.13,2214696,4985,0
3.53,4629034,1016,0
6.07,1508481,168,1
3.83,2390924,3043,0
2.56,3002143,3326,0
6.72,3130536,129,1
3.17,4945173,1270,0
6.21,2902336,36,1
7.37,8511631,152,1
7.5,3132153,92,1
5.96,7665810,178,1
6.81,7272700,38,1
4.05,1701451,3406,0
6.38,7673026,91,1
3.01,4256984,3095,0
3.25,4568629,941,0
4.2,556169,938,0
2.6,3884714,520,0
2.73,783123,1849,0
4.02,2792010,437,0
6.11,6702296,110,1
7.87,3116596,155,1
6.9,2435737,56,1
3.28,2672211,609,0
6.69,6852096,146,1
3.75,2416276,937,0
4.06,2303638,739,0
2.96,1348487,4129,0
5.72,8772907,94,1
3.55,1490497,2816,0
7.29,6227675,139,1
7.76,6582575,94,1
2.96,819733,315,0
3.29,1337519,4813,0
3.92,3559740,688,0
3.12,3847262,4615,0
4.02,4027202,2998,0
7.66,1866090,162,1
3.78,2112246,375,0
6.56,2223409,112,1
3.39,1400743,2065,0
3.01,1560804,2691,0
7.49,9799884,87,1
7.73,9230634,150,1
3.01,1371482,242,0
2.52,4650472,327,0
3.94,4856932,3695,0
3.94,3053387,1024,0
2.52,3371159,3577,0
7.84,7873362,72,1
7.64,7422939,112,1
3.44,2572107,1947,0
7.5,8727425,105,1
7.67,3127288,58,1
4.26,1949962,4742,0
7.86,1103538,70,1
5.99,2218802,97,1
6.45,5478329,47,1
6.94,5158924,59,1
4.31,714749,1065,0
2.84,4261064,1068,0
3.97,4317699,3333,0
4.06,4287635,2260,0
7.62,639840,167,1
6.75,5136931,83,1
4.17,3410894,4869,0
4.41,2098330,3653,0
7.72,5693022,137,1
6.56,7615124,199,1
6.27,2787322,102,1
7.13,3640004,42,1
7.33,9439113,165,1
7.92,3516832,179,1
3.59,241108,1440,0
2.66,518458,1151,0
2.79,3283538,3931,0
6.18,528462,90,1
7.38,979794,30,1
7.48,6087631,165,1
3.5,1819967,1391,0
6.23,8854288,153,1
2.72,2994286,956,0
6.1,4439385,144,1
5.52,8106502,94,1
2.94,1790035,3022,0
4.49,2419508,4034,0
7.17,8335367,155,1
2.93,3310671,2603,0
2.61,3642908,2026,0
3.83,4290647,2377,0
6.42,8451795,155,1
5.8,6059952,136,1
6.5,2250393,190,1
7.31,5445711,125,1
6.82,9555690,189,1
4.07,4501051,2120,0
3.39,3795664,4222,0
2.68,4369870,1250,0
2.94,428921,4528,0
4.16,4021148,1829,0
3.24,2618196,4702,0
4.2,1605238,3423,0
4.47,2084045,1955,0
5.53,2592977,179,1
3.13,878915,1079,0
2.58,2580795,1099,0
3.4,3518712,4176,0
2.93,3469154,691,0
4.41,3517385,3260,0
7.57,5361411,164,1
6.16,415183,196,1
6.82,7147015,57,1
3.48,1432854,571,0
6.15,482210,111,1
2.8,4668128,4524,0
4.17,712721,4784,0
7.19,6903771,106,1
6.31,4054842,38,1
6.51,3526023,180,1
3.6,4228988,3640,0
7.65,4804866,136,1
6.09,8287628,79,1
2.88,1407850,2006,0
5.56,7473393,57,1
7.76,429377,189,1
6.1,155099,61,1
2.92,2033282,2099,0
2.52,2603291,2251,0
7.26,7508017,133,1
4.24,1676029,1565,0
7.18,8710825,79,1
6.36,2650729,123,1
7.61,5320902,147,1
4.14,381661,1420,0
2.79,3790938,547,0
6.38,3515398,113,1
3.39,1499520,2155,0
6.09,4279605,102,1
3.84,2785528,1206,0
7.33,2543063,33,1
6.96,4804713,170,1
7.61,6794475,25,1
2.53,1052285,2185,0
2.64,4617246,4370,0
3.39,57409,678,0
3.51,2306209,1202,0
6.32,9943472,61,1
4.23,253320,1162,0
7.39,2535676,168,1
2.64,1169505,2944,0
3.98,4196279,1633,0
3.66,4881714,1467,0
6.64,3551358,80,1
6.28,8414844,53,1
3.09,3028225,4279,0
3.32,2014574,4033,0
3.57,21472,4713,0
3.56,2051467,1533,0
5.52,5625668,90,1
7.38,9687690,93,1
7.26,1348702,132,1
6.32,6135910,105,1
3.33,4029487,3490,0
6.44,2012010,113,1
6.66,8251350,158,1
3.14,211703,3540,0
7.61,8525917,135,1
6.38,4178422,123,1
7.73,4155985,187,1
2.73,4737167,761,0
6.5,1260062,189,1
3.01,4204733,4008,0
7.63,2514856,183,1
3.0,4298154,4478,0
3.24,764128,3097,0
7.34,7116505,172,1
3.3,1778050,1679,0
3.46,2177318,4575,0
4.25,2457119,4023,0
7.53,8918696,139,1
3.66,559338,1659,0
5.77,3511227,134,1
3.68,1910579,1598,0
3.41,1625163,3374,0
7.4,682606,80,1
6.81,7918792,110,1
6.54,8775618,33,1
2.91,939784,1337,0
3.97,407137,2046,0
7.04,4626580,111,1
7.68,1300064,89,1
6.73,5423755,194,1
3.95,2880635,3493,0
6.02,2903543,145,1
3.43,4869564,4667,0
3.71,453897,570,0
6.82,6712044,57,1
4.42,2802258,2188,0
6.66,6466420,136,1
2.58,4439244,2929,0
7.17,3685853,25,1
6.81,2294017,76,1
4.31,867276,3693,0
5.84,7776855,38,1
2.84,1623728,3237,0
5.79,6037488,138,1
3.99,1236649,1887,0
5.72,5349317,30,1
3.78,4740631,332,0
2.95,3284067,1217,0
7.08,8318039,99,1
5.6,4667016,80,1
6.61,6316644,121,1
5.87,9571029,162,1
7.2,5542213,21,1
7.95,2795585,100,1
7.28,8284242,85,1
5.76,9238938,107,1
2.84,3361394,806,0
2.83,4928894,1043,0
7.91,2805747,103,1
5.81,5247550,89,1
6.83,7262215,45,1
2.57,4635303,1181,0
6.26,6483016,118,1
3.05,3318925,3274,0
2.79,1266401,264,0
7.31,9201815,85,1
3.25,93860,3612,0
4.28,946440,3612,0
6.42,3167751,194,1
2.61,4380229,4681,0
2.71,229037,4937,0
4.44,2809269,2185,0
4.16,3843830,927,0
6.28,5988879,78,1
7.55,495133,33,1
2.92,2357837,1579,0
4.05,1975274,3701,0
2.66,2840296,3988,0
5.6,2010891,184,1
6.77,6070318,42,1
6.92,7664416,68,1
7.04,8615098,31,1
7.52,2706510,83,1
6.58,1642501,140,1
3.39,497278,4806,0
2.71,2883957,3139,0
3.89,3224336,2866,0
4.34,1344157,3765,0
7.36,2277110,53,1
2.8,2883621,1263,0
3.97,2659833,4928,0
4.03,36680,2515,0
6.54,6759334,198,1
3.77,2107958,3869,0
3.04,4306614,3978,0
5.61,9215342,122,1
6.76,2405863,86,1
3.97,317639,4389,0
4.12,521545,3596,0
2.81,669586,4600,0
3.59,3685423,4574,0
3.27,3147561,4132,0
3.6,399589,3711,0
2.67,2137663,229,0
5.98,6319608,26,1
6.5,2078768,139,1
3.32,1348909,2584,0
3.52,720543,4110,0
3.38,2184217,1876,0
6.83,371648,85,1
6.93,6799851,144,1
7.5,9404762,40,1
3.29,4396182,2332,0
2.78,3697187,2692,0
2.96,1338078,1573,0
3.78,4902708,1435,0
6.11,2664573,110,1
3.94,3188435,1793,0
5.77,4528406,32,1
6.98,5592871,199,1
3.57,1872480,2251,0
4.15,2115547,4357,0
2.56,3131170,2936,0
3.36,4160256,459,0
6.46,8088608,75,1
7.66,6139778,119,1
3.73,1498075,3331,0
7.65,4755150,97,1
7.98,8845464,151,1
3.21,2919574,4531,0
6.27,3242412,135,1
7.44,4178164,44,1
4.21,2054696,3157,0
3.14,3804994,1223,0
6.5,3073901,186,1
6.77,4127437,100,1
3.14,1736375,2239,0
7.93,8760156,164,1
3.26,1604873,4628,0
5.91,2041350,194,1
3.64,4251272,1417,0
6.57,5619666,40,1
6.75,2877841,184,1
2.94,642631,1733,0
6.52,9466886,128,1
7.87,2405057,136,1
4.21,3485057,4464,0
4.1,297393,2627,0
7.78,3015910,142,1
4.0,3835292,2155,0
3.41,2668439,694,0
7.24,508871,111,1
3.35,4409874,100,0
3.81,3717274,2231,0
7.38,3147014,138,1
3.14,2513513,4558,0
4.3,1555293,3344,0
2.9,1372733,4300,0
3.48,4608151,3324,0
2.64,2587282,661,0
7.11,4539334,155,1
4.43,2086580,614,0
4.44,2764198,4251,0
6.88,3714637,172,1
2.58,3014893,3224,0
5.7,8671413,82,1
3.39,4002323,4049,0
7.59,6807876,118,1
4.13,4466821,3062,0
2.66,671300,4691,0
7.0,3924517,21,1
6.96,2067279,29,1
2.71,4555634,659,0
7.95,2456749,77,1
3.32,393743,553,0
6.87,4864772,140,1
5.51,385601,153,1
3.45,1550848,161,0
3.17,1680454,2378,0
6.31,9125764,101,1
3.37,4949535,4273,0
5.63,6269539,145,1
7.56,1388714,188,1
4.24,1585754,811,0
6.89,5000643,108,1
6.82,6127084,156,1
4.0,4354711,1357,0
7.19,6168061,120,1
3.25,760278,2054,0
2.76,2766837,4914,0
7.35,6938157,191,1
5.56,6708568,119,1
6.48,229442,56,1
5.69,3399079,29,1
3.37,4751819,1387,0
3.28,2791697,4006,0
2.56,4097635,1614,0
6.0,6137136,191,1
5.58,8034160,148,1
3.87,1358157,3258,0
7.83,7074885,131,1
2.64,3146776,2543,0
7.96,7856428,30,1
6.78,4452191,79,1
6.72,2348874,65,1
5.98,3607120,99,1
6.08,9435695,68,1
3.33,814038,1147,0
5.7,9105908,97,1
4.28,4413193,781,0
7.15,5087176,93,1
5.87,4133986,88,1
2.83,3194011,3084,0
3.77,1307401,471,0
3.4,1857919,2789,0
6.07,5943164,54,1
4.17,903809,3542,0
3.65,589324,576,0
7.06,8530770,50,1
7.18,8955923,194,1
5.89,8333848,86,1
7.3,4512935,99,1
7.81,8463532,62,1
3.53,416778,2629,0
7.22,9251921,190,1
3.13,511944,2225,0
2.95,4851505,4291,0
3.35,753873,196,0
2.59,3588602,319,0
3.54,2599658,4146,0
6.29,9802978,39,1
6.96,1512219,100,1
6.52,7085766,154,1
4.14,683028,4897,0
6.39,1576857,175,1
3.03,1913577,4528,0
7.63,8298727,142,1
5.53,5957788,190,1
3.74,1391301,3082,0
5.93,9556079,147,1
7.8,8863443,92,1
7.49,7155199,144,1
7.75,9616643,125,1
2.54,2332669,4497,0
2.68,3737504,1666,0
3.08,4318763,864,0
7.2,5208733,71,1
7.48,9202408,121,1
2.61,2538824,2061,0
7.56,7673253,173,1
2.77,4509024,4066,0
4.06,3195307,384,0
4.08,1394577,3501,0
4.08,3608907,4281,0
3.09,3773782,1808,0
7.85,4937588,72,1
3.75,2088753,4119,0
2.97,4177513,1784,0
7.78,3150938,153,1
6.12,906584,123,1
6.69,3686618,161,1
7.74,3618167,37,1
5.89,8645944,181,1
2.82,1716441,2162,0
3.7,926272,4298,0
3.84,2779432,3524,0
6.99,1939237,195,1
5.51,530151,175,1
3.96,1298396,1337,0
6.69,5826184,90,1
3.73,2848140,2682,0
7.31,4219566,125,1
4.07,1826429,1790,0
6.24,8267735,75,1
3.99,1671328,3215,0
3.14,3199321,1861,0
7.09,2984214,95,1
6.43,1518285,188,1
3.75,2279518,3909,0
3.85,906546,3832,0
4.22,2960905,1692,0
3.95,505821,2304,0
3.76,344209,4161,0
4.02,2855928,3114,0
6.84,8372489,168,1
7.1,7667335,132,1
7.33,8729011,104,1
6.86,9436359,54,1
2.69,1200294,137,0
3.93,508019,704,0
6.94,3418317,72,1
3.73,4417855,635,0
3.12,499519,1041,0
6.47,4437737,175,1
3.99,1939573,470,0
3.89,218534,4631,0
4.0,2952952,444,0
6.32,2963225,161,1
7.12,5890349,100,1
4.31,4701809,881,0
3.83,3322613,3454,0
6.11,2933056,195,1
4.1,3973287,3447,0
3.01,467946,1076,0
7.84,9735141,110,1
3.45,4655528,4952,0
2.76,17937,3403,0
2.58,1305249,434,0
7.26,1126517,64,1
5.67,8430943,142,1
6.7,6238396,48,1
8.0,4451675,108,1
6.96,3933716,195,1
7.67,2518489,194,1
7.31,8158961,129,1
3.09,115057,3081,0
7.76,3201334,159,1
6.67,1038680,119,1
3.03,4975938,391,0
6.23,9426369,79,1
4.27,2709671,1713,0
7.07,5991075,168,1
3.4,2699176,4089,0
4.13,72995,3616,0
2.81,2753086,1157,0
2.98,2107939,4834,0
7.12,5096732,125,1
2.71,1153457,237,0
4.1,3377734,4923,0
7.15,8650957,90,1
2.51,1625210,2605,0
6.74,175223,175,1
7.94,8347433,188,1
4.48,715964,4287,0
3.17,3827714,4003,0
6.82,4285225,159,1
3.61,3090812,2354,0
5.9,4423380,26,1
7.37,3780724,155,1
7.47,2604118,36,1
7.66,9766540,80,1
3.25,1786756,2762,0
2.64,304002,3764,0
6.41,6086984,22,1
6.98,8464665,35,1
3.39,3206979,238,0
7.43,3903415,36,1
3.49,3503081,1396,0
2.72,3683648,208,0
5.87,7517188,100,1
6.55,6743844,129,1
7.56,3479669,62,1
6.98,4670681,69,1
3.49,1019126,4620,0
6.0,6345906,152,1
3.33,453768,4514,0
6.97,5441434,142,1
4.22,1598626,3905,0
4.34,2173896,4080,0
4.24,3199838,251,0
7.65,4602784,36,1
4.17,328838,2379,0
3.64,3764713,3010,0
2.73,4199799,506,0
4.27,2528467,3139,0
4.16,1711593,732,0
7.98,915537,161,1
7.2,4295742,167,1
6.54,3796961,68,1
4.17,399299,2715,0
2.97,1493858,1970,0
6.92,724068,182,1
5.81,6068980,144,1
3.62,2615247,2651,0
7.24,6571503,115,1
6.26,9615994,73,1
7.21,935085,37,1
7.41,883371,78,1
7.3,2044469,114,1
4.34,2945138,4525,0
5.95,9522982,69,1
3.45,3732297,200,0
3.42,4773312,378,0
3.87,4543663,423,0
7.75,4308569,63,1
3.77,866371,1418,0
2.57,2959036,4335,0
3.69,2818857,1655,0
6.86,7771404,54,1
3.54,1962836,2411,0
4.47,1289461,1381,0
2.73,274736,1610,0
7.93,4307861,115,1
4.07,846947,1465,0
2.87,3381053,3525,0
5.93,479930,122,1
7.02,9647069,28,1
4.47,4775159,1472,0
2.77,4422311,1429,0
5.88,7375709,95,1
6.99,6545330,73,1
7.82,6885754,117,1
2.92,4339127,727,0
3.75,1270569,3707,0
6.84,2108610,118,1
7.74,4466709,181,1
7.52,2162286,143,1
2.99,1042981,1911,0
7.9,5803659,109,1
2.81,2695591,663,0
3.36,1413763,4967,0
6.75,1444869,88,1
3.32,494015,1555,0
3.5,2254233,314,0
7.95,2389275,66,1
2.65,3693751,3485,0
6.08,4946934,141,1
7.53,2293716,23,1
6.32,6634107,161,1
2.96,4148742,1650,0
2.7,3278759,3987,0
3.47,4978411,969,0
7.95,9699176,52,1
7.59,5051342,120,1
3.66,3244916,3673,0
7.53,8875775,151,1
7.02,4518130,119,1
7.47,3496660,198,1
7.22,6895794,183,1
6.17,9692698,162,1
3.5,31387,1443,0
7.18,4143929,50,1
6.21,2180260,59,1
2.91,2413499,4297,0
7.79,5100778,88,1
4.21,1895675,2244,0
5.76,710952,54,1
7.33,8167622,193,1
4.14,4951425,893,0
3.72,1569412,4270,0
5.8,5139032,194,1
4.15,507973,1521,0
2.66,49683,1556,0
7.72,6334124,27,1
6.61,4862950,92,1
7.16,3007773,143,1
7.57,9191586,30,1
2.69,3048014,941,0
7.08,5604286,148,1
6.6,3132460,124,1
7.85,4714756,173,1
3.87,4228646,2539,0
4.25,4278354,2607,0
4.49,1079770,1069,0
7.87,2586571,140,1
7.77,3771400,61,1
6.55,1022123,70,1
2.57,2272277,114,0
7.18,9091529,79,1
3.78,4725577,4698,0
6.83,7967883,75,1
5.79,9203673,53,1
7.83,6427305,131,1
7.58,246786,168,1
7.48,5939998,56,1
4.24,25628,4158,0
3.84,579302,1935,0
6.89,3526649,111,1
2.64,2303870,3595,0
3.29,2513845,3173,0
3.66,3412232,1019,0
7.65,5035277,125,1
7.27,463311,85,1
3.41,1975307,4557,0
3.08,3370124,2174,0
7.86,4870362,180,1
6.52,1190244,103,1
7.79,899333,183,1
2.57,3059531,1901,0
2.51,1256754,865,0
7.65,5709234,132,1
7.3,4690603,83,1
7.43,9878891,147,1
2.6,720009,1964,0
2.88,1149631,365,0
3.04,4480543,3442,0
5.7,4547537,32,1
7.35,2460930,149,1
2.74,1697162,2270,0
3.97,4238342,3512,0
7.04,6937997,106,1
3.09,1657709,4674,0
7.89,615386,101,1
3.87,1389149,4563,0
7.65,5064441,136,1
3.64,4028176,4874,0
3.97,1808937,2992,0
5.74,2273100,143,1
5.53,5040752,195,1
7.35,7266365,30,1
3.68,3281409,4937,0
6.6,8358411,199,1
7.75,9724501,151,1
6.43,5196746,174,1
4.44,2061612,1886,0
6.33,1984345,49,1
2.55,1286553,4318,0
2.74,1202283,3828,0
2.83,1120860,4115,0
7.37,1982037,199,1
6.97,6361615,168,1
2.77,2161869,2728,0
6.44,5406441,131,1
4.22,2615652,4867,0
5.6,8221797,59,1
3.44,3767096,2166,0
6.05,2165556,192,1
5.79,3078045,104,1
6.05,5280540,72,1
5.9,512406,192,1
6.28,9256604,165,1
3.72,4817487,3238,0
2.95,2143457,2470,0
5.63,6321840,37,1
4.43,4179416,3878,0
5.8,5297755,46,1
7.11,8991815,188,1
3.0,3197602,3772,0
7.49,2363049,149,1
6.58,6125626,62,1
4.06,1598920,775,0
3.26,1317373,206,0
5.7,4065997,45,1
7.05,4785189,64,1
2.75,1708359,2965,0
3.58,4304088,2604,0
3.03,4202016,1907,0
7.35,5546634,144,1
6.71,2705402,61,1
3.72,512647,2233,0
6.1,2121569,98,1
2.52,3548513,216,0
3.47,4417157,1434,0
2.74,4170800,3073,0
3.93,2378874,522,0
6.32,9581710,176,1
3.19,4877401,2174,0
7.85,555551,124,1
3.53,907465,315,0
7.72,4336733,186,1
4.01,3301221,2516,0
2.76,2126567,3890,0
2.82,3194551,3047,0
6.09,9314107,124,1
7.94,8357028,145,1
3.3,3049303,1145,0
5.56,1600292,102,1
5.63,8567456,169,1
5.84,889947,40,1
6.76,5000055,190,1
6.51,7727245,38,1
6.79,2040281,199,1
5.59,3918716,101,1
6.88,1056079,124,1
3.23,4769692,2211,0
2.78,3755018,1086,0
3.6,2822568,530,0
3.54,4068647,1076,0
6.91,3812578,162,1
7.11,6497334,73,1
7.28,6040224,159,1
3.15,3833457,4655,0
3.31,3055526,1938,0
7.22,4808185,117,1
3.34,3053837,1704,0
7.26,2405135,122,1
5.84,6394076,161,1
6.01,1450165,157,1
4.05,3292842,335,0
6.48,8099597,90,1
6.45,2147595,52,1
6.32,8410668,120,1
2.8,4863856,4139,0
6.29,2659049,72,1
3.89,4140070,2568,0
5.67,1714251,150,1
2.91,2247032,2308,0
3.87,927157,3884,0
5.64,8195612,82,1
4.27,1999749,3226,0
2.68,2628804,3086,0
7.16,6310056,134,1
7.81,2770351,75,1
3.45,4935588,1823,0
4.35,4275926,1629,0
3.36,4734784,4143,0
6.55,5890846,134,1
2.61,527802,589,0
4.21,3190682,3148,0
3.49,2329381,463,0
6.25,810965,26,1
4.02,4822135,2789,0
4.31,1128792,691,0
4.36,1444575,2871,0
6.16,9308324,50,1
3.94,4796952,4240,0
3.91,1346720,3683,0
5.61,7246479,184,1
3.06,2932671,904,0
6.85,5182583,81,1
3.43,1277280,3983,0
2.56,3773429,2105,0
6.42,8225871,159,1
7.21,7341424,106,1
3.39,325058,3476,0
3.63,986849,2439,0
2.72,2980032,694,0
6.77,3644323,62,1
4.19,339370,3350,0
7.44,5741362,69,1
2.97,1760440,1632,0
6.89,8663294,143,1
7.55,7695391,84,1
3.67,3537527,4190,0
6.75,9612134,144,1
3.3,536160,1847,0
2.64,102099,1889,0
4.19,867289,4941,0
3.03,46950,3044,0
6.87,5790947,171,1
2.7,625797,428,0
6.4,5332568,43,1
6.96,3470206,81,1
7.15,3293039,23,1
6.92,7615819,89,1
5.66,6875188,124,1
4.25,273403,1347,0
2.63,1364234,4145,0
3.11,4239552,3298,0
3.38,1715389,3674,0
3.87,3470037,249,0
6.86,3937215,119,1
5.73,5600102,42,1
3.04,1205753,1386,0
3.75,2977221,2539,0
3.48,2660003,1981,0
7.12,5414434,121,1
6.55,6654750,82,1
6.68,3041172,178,1
3.89,1908785,3079,0
2.68,1749226,278,0
6.46,119723,116,1
2.99,2612384,457,0
7.76,3595293,196,1
7.8,9706559,45,1
3.13,2100696,2894,0
7.91,7976334,60,1
3.52,2230550,2933,0
4.09,1204736,4398,0
6.97,5141191,101,1
4.48,2038332,3191,0
7.9,6728241,177,1
7.8,8213856,145,1
3.61,4858062,3530,0
5.8,1813477,55,1
4.39,4272916,4282,0
2.81,359557,4770,0
4.25,3009335,4889,0
3.24,2606578,497,0
3.38,3278601,4935,0
3.25,2554122,4271,0
3.75,1289809,1688,0
4.05,2980314,3298,0
7.45,6235388,35,1
7.96,5395153,178,1
5.74,6604787,24,1
5.63,3492106,121,1
5.7,1814783,118,1
3.23,2581030,2678,0
3.71,3751357,2634,0
5.57,4422202,57,1
7.77,6849778,177,1
3.74,209544,3156,0
3.56,718676,2657,0
3.36,2817550,3100,0
6.31,4419645,27,1
6.83,7080487,26,1
3.41,786733,2925,0
5.93,9956482,23,1
4.34,2586030,1814,0
6.38,9430173,63,1
3.1,4452588,4286,0
6.22,928715,88,1
3.79,698146,414,0
